id,game,url,rating,category,release_date,platforms,genres,themes,companies,description
348977,Splatoon Raiders,https://www.igdb.com/g/7h9t,9.142857142857142,Main Game,"[""Jul 23, 2026 (Worldwide [WW])""]","[""Nintendo Switch 2""]","[""Adventure"", ""Shooter""]","[""Action"", ""Survival""]","[""Nintendo"", ""Nintendo EPD Production Group No. 5"", ""Monolith Soft""]",
356188,Agefield High: Rock the School,https://www.igdb.com/g/7mu4,,Main Game,"[""Aug 12, 2026 (Worldwide [WW])"", ""2026 (Worldwide [WW])"", ""2026 (Worldwide [WW])""]","[""PlayStation 5"", ""Xbox Series X|S"", ""PC (Microsoft Windows)""]","[""Adventure"", ""Indie""]","[""Action""]","[""Refugium Games"", ""Perp Games""]",
347132,Marvel Tokon: Fighting Souls,https://www.igdb.com/g/7fuk,,Main Game,"[""Jul 24, 2026 (Worldwide [WW])"", ""Jul 24, 2026 (Worldwide [WW])"", ""Aug 06, 2026 (Worldwide [WW])"", ""Aug 06, 2026 (Worldwide [WW])""]","[""PlayStation 5"", ""PC (Microsoft Windows)""]","[""Fighting""]","[""Action""]","[""Arc System Works"", ""PlayStation Studios"", ""Marvel Games"", ""Sony Interactive Entertainment""]",
400379,Madden NFL 27,https://www.igdb.com/g/8kxn,,Main Game,"[""Aug 13, 2026 (Worldwide [WW])"", ""Aug 13, 2026 (Worldwide [WW])"", ""Aug 13, 2026 (Worldwide [WW])"", ""Aug 06, 2026 (Worldwide [WW])"", ""Aug 13, 2026 (Worldwide [WW])"", ""Aug 06, 2026 (Worldwide [WW])""]","[""PlayStation 5"", ""Xbox Series X|S"", ""Nintendo Switch 2"", ""PC (Microsoft Windows)""]","[""Simulator"", ""Sport"", ""Strategy""]","[""Action""]","[""EA Sports"", ""EA Orlando""]",
348180,Beast of Reincarnation,https://www.igdb.com/g/7gno,,Main Game,"[""Aug 04, 2026 (Worldwide [WW])"", ""Aug 04, 2026 (Worldwide [WW])"", ""Aug 04, 2026 (Worldwide [WW])""]","[""PlayStation 5"", ""Xbox Series X|S"", ""PC (Microsoft Windows)""]","[""Adventure"", ""Role-playing (RPG)""]","[""Action""]","[""Game Freak"", ""Fictions""]",
347668,Resident Evil Requiem,https://www.igdb.com/g/7g9g,8.946838517415436,Main Game,"[""Feb 27, 2026 (Worldwide [WW])"", ""Feb 27, 2026 (Worldwide [WW])"", ""Feb 27, 2026 (Worldwide [WW])"", ""Feb 27, 2026 (Worldwide [WW])""]","[""PlayStation 5"", ""Xbox Series X|S"", ""Nintendo Switch 2"", ""PC (Microsoft Windows)""]","[""Adventure"", ""Puzzle"", ""Shooter""]","[""Action"", ""Horror"", ""Survival""]","[""Capcom"", ""Capcom Development Division 1""]",
189781,Mina the Hollower,https://www.igdb.com/g/42fp,8.207950327071556,Main Game,"[""May 29, 2026 (Worldwide [WW])"", ""May 29, 2026 (Worldwide [WW])"", ""May 29, 2026 (Worldwide [WW])"", ""May 29, 2026 (Worldwide [WW])"", ""May 29, 2026 (Worldwide [WW])"", ""May 29, 2026 (Worldwide [WW])"", ""May 29, 2026 (Worldwide [WW])""]","[""Mac"", ""PlayStation 5"", ""Xbox Series X|S"", ""Nintendo Switch 2"", ""PC (Microsoft Windows)"", ""Nintendo Switch"", ""Linux""]","[""Adventure"", ""Indie"", ""Platform"", ""Role-playing (RPG)""]","[""Action"", ""Fantasy"", ""Horror""]","[""Yacht Club Games""]",
134612,Pragmata,https://www.igdb.com/g/2vv8,8.652144397835011,Main Game,"[""Apr 17, 2026 (Worldwide [WW])"", ""Apr 17, 2026 (Worldwide [WW])"", ""Apr 17, 2026 (Worldwide [WW])"", ""Apr 17, 2026 (Worldwide [WW])""]","[""PlayStation 5"", ""Xbox Series X|S"", ""Nintendo Switch 2"", ""PC (Microsoft Windows)""]","[""Adventure"", ""Shooter""]","[""Action"", ""Science fiction""]","[""Capcom""]",
337031,Rhythm Heaven Groove,https://www.igdb.com/g/781z,7.946391797317111,Main Game,"[""Jul 02, 2026 (Worldwide [WW])""]","[""Nintendo Switch""]","[""Music""]","[""Action"", ""Comedy""]","[""TNX"", ""Nintendo"", ""Nintendo EPD Production Group No. 4""]",
388426,Paranormasight: The Mermaid's Curse,https://www.igdb.com/g/8bpm,,Main Game,"[""Feb 19, 2026 (Worldwide [WW])"", ""Feb 19, 2026 (Worldwide [WW])"", ""Feb 19, 2026 (Worldwide [WW])"", ""Feb 19, 2026 (Worldwide [WW])""]","[""PC (Microsoft Windows)"", ""Android"", ""Nintendo Switch"", ""iOS""]","[""Adventure"", ""Role-playing (RPG)"", ""Simulator"", ""Visual Novel""]","[""Horror""]","[""Square Enix"", ""Xeen""]",
337036,Tomodachi Life: Living the Dream,https://www.igdb.com/g/7824,8.005149912195241,Main Game,"[""Apr 16, 2026 (Worldwide [WW])""]","[""Nintendo Switch""]","[""Simulator""]","[""Comedy""]","[""Nintendo"", ""Nintendo EPD Production Group No. 4""]",
378229,Vampire Crawlers: The Turbo Wildcard from Vampire Survivors,https://www.igdb.com/g/83ud,7.690648811832147,Main Game,"[""2026 (Worldwide [WW])"", ""2026 (Worldwide [WW])"", ""Apr 21, 2026 (Worldwide [WW])"", ""Apr 21, 2026 (Worldwide [WW])"", ""Apr 21, 2026 (Worldwide [WW])"", ""Apr 21, 2026 (Worldwide [WW])"", ""Apr 21, 2026 (Worldwide [WW])"", ""Apr 21, 2026 (Worldwide [WW])""]","[""Mac"", ""PlayStation 5"", ""Xbox Series X|S"", ""Nintendo Switch 2"", ""PC (Microsoft Windows)"", ""Android"", ""Nintendo Switch"", ""iOS""]","[""Adventure"", ""Card & Board Game"", ""Indie"", ""Strategy"", ""Turn-based strategy (TBS)""]","[""Action"", ""Fantasy""]","[""Poncle""]",
358534,The Adventures of Elliot: The Millennium Tales,https://www.igdb.com/g/7ona,,Main Game,"[""Jun 18, 2026 (Worldwide [WW])"", ""Jun 18, 2026 (Worldwide [WW])"", ""Jun 18, 2026 (Worldwide [WW])"", ""Jun 18, 2026 (Worldwide [WW])""]","[""PlayStation 5"", ""Xbox Series X|S"", ""Nintendo Switch 2"", ""PC (Microsoft Windows)""]","[""Adventure"", ""Role-playing (RPG)""]","[""Action"", ""Fantasy""]","[""Square Enix Creative Studio 5"", ""Clay Tech Works"", ""Square Enix""]",
347119,Romeo is a Dead Man,https://www.igdb.com/g/7fu7,7.956161644876514,Main Game,"[""Feb 11, 2026 (Worldwide [WW])"", ""Feb 11, 2026 (Worldwide [WW])"", ""Feb 11, 2026 (Worldwide [WW])""]","[""PlayStation 5"", ""Xbox Series X|S"", ""PC (Microsoft Windows)""]","[""Adventure"", ""Hack and slash/Beat 'em up"", ""Shooter""]","[""Action"", ""Comedy"", ""Mystery"", ""Science fiction""]","[""Grasshopper Manufacture""]",
249324,Mouse: P.I. For Hire,https://www.igdb.com/g/5cdo,7.141423217036646,Main Game,"[""Apr 16, 2026 (Worldwide [WW])"", ""Apr 16, 2026 (Worldwide [WW])"", ""Apr 16, 2026 (Worldwide [WW])"", ""Apr 16, 2026 (Worldwide [WW])""]","[""PlayStation 5"", ""Xbox Series X|S"", ""Nintendo Switch 2"", ""PC (Microsoft Windows)""]","[""Adventure"", ""Indie"", ""Shooter""]","[""Action"", ""Science fiction""]","[""Fumi Games"", ""PlaySide""]",
113360,Hytale,https://www.igdb.com/g/2fgw,8.945107855838184,Main Game,"[""Jan 13, 2026 (Worldwide [WW])"", ""Jan 13, 2026 (Worldwide [WW])"", ""Jan 13, 2026 (Worldwide [WW])""]","[""Mac"", ""PC (Microsoft Windows)"", ""Linux""]","[""Adventure"", ""Arcade"", ""Indie"", ""Role-playing (RPG)"", ""Simulator""]","[""Action"", ""Fantasy"", ""Open world"", ""Sandbox""]","[""Hypixel Studios""]",
366880,Mario Tennis Fever,https://www.igdb.com/g/7v34,,Main Game,"[""Feb 12, 2026 (Worldwide [WW])""]","[""Nintendo Switch 2""]","[""Sport""]","[""Action"", ""Fantasy""]","[""Camelot Software Planning"", ""Nintendo"", ""Nintendo EPD Co-Production Group""]",
380415,Starship Troopers: Ultimate Bug War!,https://www.igdb.com/g/85j3,8.00886784436359,Main Game,"[""Mar 16, 2026 (Worldwide [WW])"", ""Mar 16, 2026 (Worldwide [WW])"", ""Mar 16, 2026 (Worldwide [WW])"", ""Mar 16, 2026 (Worldwide [WW])""]","[""PlayStation 5"", ""Xbox Series X|S"", ""Nintendo Switch 2"", ""PC (Microsoft Windows)""]","[""Adventure"", ""Arcade"", ""Indie"", ""Shooter""]","[""Action"", ""Science fiction""]","[""Auroch Digital"", ""DotEmu""]",
331202,Darwin's Paradox!,https://www.igdb.com/g/73k2,7.016887286256206,Main Game,"[""Apr 02, 2026 (Worldwide [WW])"", ""Apr 02, 2026 (Worldwide [WW])"", ""Apr 02, 2026 (Worldwide [WW])"", ""Apr 02, 2026 (Worldwide [WW])""]","[""PlayStation 5"", ""Xbox Series X|S"", ""Nintendo Switch 2"", ""PC (Microsoft Windows)""]","[""Adventure"", ""Indie"", ""Platform"", ""Puzzle""]","[""Action""]","[""Konami"", ""ZDT Studio""]",
325607,Screamer,https://www.igdb.com/g/6z8n,5.8498687664041995,Main Game,"[""Mar 26, 2026 (Worldwide [WW])"", ""Mar 26, 2026 (Worldwide [WW])"", ""Mar 26, 2026 (Worldwide [WW])""]","[""PlayStation 5"", ""Xbox Series X|S"", ""PC (Microsoft Windows)""]","[""Arcade"", ""Racing""]",[],"[""Milestone""]",
252485,John Carpenter's Toxic Commando,https://www.igdb.com/g/5eth,8.02296124396103,Main Game,"[""Mar 12, 2026 (Worldwide [WW])"", ""Mar 12, 2026 (Worldwide [WW])"", ""Mar 12, 2026 (Worldwide [WW])""]","[""PlayStation 5"", ""Xbox Series X|S"", ""PC (Microsoft Windows)""]","[""Adventure"", ""Shooter""]","[""Action"", ""Horror""]","[""Focus Entertainment"", ""Saber Interactive""]",
405904,Namco Legendary Mountains,https://www.igdb.com/g/8p74,,Main Game,"[""Jun 25, 2026 (Worldwide [WW])"", ""Jun 25, 2026 (Worldwide [WW])"", ""Jun 25, 2026 (Worldwide [WW])"", ""Jun 25, 2026 (Worldwide [WW])""]","[""Mac"", ""Nintendo Switch 2"", ""PC (Microsoft Windows)"", ""Nintendo Switch""]","[""Puzzle""]",[],"[""BeXide""]",
126460,2XKO,https://www.igdb.com/g/2pks,7.075578201306913,Main Game,"[""Oct 07, 2025 (Worldwide [WW])"", ""Jan 20, 2026 (Worldwide [WW])"", ""Jan 20, 2026 (Worldwide [WW])"", ""Jan 20, 2026 (Worldwide [WW])""]","[""PlayStation 5"", ""Xbox Series X|S"", ""PC (Microsoft Windows)""]","[""Fighting""]","[""Action""]","[""Riot Games""]",
237780,Directive 8020,https://www.igdb.com/g/53h0,6.995426418433498,Main Game,"[""May 12, 2026 (Worldwide [WW])"", ""May 12, 2026 (Worldwide [WW])"", ""May 12, 2026 (Worldwide [WW])""]","[""PlayStation 5"", ""Xbox Series X|S"", ""PC (Microsoft Windows)""]","[""Adventure""]","[""Action"", ""Horror"", ""Science fiction""]","[""Supermassive Games"", ""Bandai Namco Entertainment""]",
386643,The Run,https://www.igdb.com/g/8ac3,,Main Game,"[""Feb 05, 2026 (Worldwide [WW])"", ""Feb 05, 2026 (Worldwide [WW])""]","[""Mac"", ""PC (Microsoft Windows)""]","[""Adventure""]","[""Action"", ""Horror""]","[""PRM Games""]",
388428,Tokyo Scramble,https://www.igdb.com/g/8bpo,,Main Game,"[""Feb 11, 2026 (Worldwide [WW])""]","[""Nintendo Switch 2""]","[""Adventure"", ""Puzzle""]","[""Action""]","[""Binary Haze Interactive"", ""adglobe""]",
389443,God of War Sons of Sparta,https://www.igdb.com/g/8chv,7.002423372947403,Main Game,"[""Feb 12, 2026 (Worldwide [WW])""]","[""PlayStation 5""]","[""Adventure"", ""Platform""]","[""Action"", ""Fantasy""]","[""Sony Interactive Entertainment"", ""SIE Santa Monica Studio"", ""Mega Cat Studios""]",
328275,Code Violet,https://www.igdb.com/g/71ar,,Main Game,"[""Jan 10, 2026 (Worldwide [WW])""]","[""PlayStation 5""]","[""Shooter""]","[""Action"", ""Horror"", ""Science fiction""]","[""TeamKill Media""]",
387579,River City Saga: Journey to the West,https://www.igdb.com/g/8b23,,Main Game,"[""Jun 04, 2026 (Worldwide [WW])"", ""Jun 04, 2026 (Worldwide [WW])"", ""Jun 04, 2026 (Worldwide [WW])""]","[""PlayStation 5"", ""PC (Microsoft Windows)"", ""Nintendo Switch""]","[""Hack and slash/Beat 'em up""]","[""Action"", ""Comedy""]","[""UnitePlus"", ""Arc System Works""]",
305152,Clair Obscur: Expedition 33,https://www.igdb.com/g/6jgg,9.17186121217216,Main Game,"[""Apr 24, 2025 (Worldwide [WW])"", ""Apr 24, 2025 (Worldwide [WW])"", ""Apr 24, 2025 (Worldwide [WW])""]","[""PlayStation 5"", ""Xbox Series X|S"", ""PC (Microsoft Windows)""]","[""Adventure"", ""Indie"", ""Role-playing (RPG)""]","[""Action"", ""Fantasy""]","[""Sandfall Interactive"", ""Kepler Interactive""]",
228530,Death Stranding 2: On the Beach,https://www.igdb.com/g/4wc2,9.082695332942336,Main Game,"[""Jun 26, 2025 (Worldwide [WW])"", ""Jun 24, 2025 (Worldwide [WW])"", ""Mar 19, 2026 (Worldwide [WW])""]","[""PlayStation 5"", ""PC (Microsoft Windows)""]","[""Adventure"", ""Shooter""]","[""Action"", ""Horror"", ""Open world"", ""Science fiction"", ""Stealth""]","[""Guerrilla Games"", ""Kojima Productions"", ""Sony Interactive Entertainment"", ""Nixxes Software""]",
306153,The Hundred Line: Last Defense Academy,https://www.igdb.com/g/6k89,8.002197930241264,Main Game,"[""Apr 24, 2025 (Worldwide [WW])"", ""Apr 24, 2025 (Worldwide [WW])""]","[""PC (Microsoft Windows)"", ""Nintendo Switch""]","[""Adventure"", ""Role-playing (RPG)"", ""Simulator"", ""Strategy"", ""Visual Novel""]","[""Science fiction"", ""Survival""]","[""Aniplex"", ""Media.Vision"", ""Too Kyo Games"", ""XSEED Games""]",
325609,Dispatch,https://www.igdb.com/g/6z8p,8.691742772517532,Main Game,"[""Jan 28, 2026 (Worldwide [WW])"", ""Jan 28, 2026 (Worldwide [WW])"", ""Jul 29, 2026 (Worldwide [WW])"", ""Jul 02, 2026 (Worldwide [WW])"", ""Oct 22, 2025 (Worldwide [WW])"", ""Oct 22, 2025 (Worldwide [WW])""]","[""PlayStation 5"", ""Xbox Series X|S"", ""Nintendo Switch 2"", ""PC (Microsoft Windows)"", ""Web browser"", ""Nintendo Switch""]","[""Adventure"", ""Point-and-click"", ""Strategy""]","[""Action"", ""Comedy""]","[""Critical Role"", ""Plastic Fern Studios"", ""Igloo Studio"", ""UQU Creative"", ""AdHoc Studio""]",
317627,Ghost of Yotei,https://www.igdb.com/g/6t2z,8.566382973512715,Main Game,"[""Oct 02, 2025 (Worldwide [WW])""]","[""PlayStation 5""]","[""Adventure"", ""Role-playing (RPG)""]","[""Action"", ""Historical"", ""Open world"", ""Stealth""]","[""Sucker Punch Productions"", ""Sony Interactive Entertainment""]",
331188,Digimon Story: Time Stranger,https://www.igdb.com/g/73jo,9.118591707646967,Main Game,"[""Oct 03, 2025 (Worldwide [WW])"", ""Oct 03, 2025 (Worldwide [WW])"", ""Oct 03, 2025 (Worldwide [WW])"", ""Jul 10, 2026 (Worldwide [WW])"", ""Jul 10, 2026 (Worldwide [WW])"", ""Jul 09, 2026 (Japan [JP])""]","[""PlayStation 5"", ""Xbox Series X|S"", ""Nintendo Switch 2"", ""PC (Microsoft Windows)"", ""Nintendo Switch""]","[""Adventure"", ""Puzzle"", ""Role-playing (RPG)""]","[""Science fiction""]","[""Media.Vision"", ""Bandai Namco Entertainment""]",
358535,Octopath Traveler 0,https://www.igdb.com/g/7onb,7.996513875584786,Remake,"[""Dec 04, 2025 (Worldwide [WW])"", ""Dec 04, 2025 (Worldwide [WW])"", ""Dec 04, 2025 (Worldwide [WW])"", ""Dec 04, 2025 (Worldwide [WW])"", ""Dec 04, 2025 (Worldwide [WW])"", ""Dec 04, 2025 (Worldwide [WW])""]","[""PlayStation 5"", ""Xbox Series X|S"", ""Nintendo Switch 2"", ""PC (Microsoft Windows)"", ""Nintendo Switch"", ""PlayStation 4""]","[""Role-playing (RPG)""]","[""Fantasy""]","[""Square Enix"", ""Dokidoki Grooveworks"", ""Square Enix Creative Studio 5""]",
325608,Sonic Racing: CrossWorlds,https://www.igdb.com/g/6z8o,7.177073494443682,Main Game,"[""Sep 25, 2025 (Worldwide [WW])"", ""Sep 22, 2025 (Worldwide [WW])"", ""Dec 04, 2025 (Worldwide [WW])"", ""Sep 25, 2025 (Worldwide [WW])"", ""Sep 25, 2025 (Worldwide [WW])"", ""Sep 22, 2025 (Worldwide [WW])"", ""Sep 22, 2025 (Worldwide [WW])"", ""Sep 25, 2025 (Worldwide [WW])"", ""Sep 22, 2025 (Worldwide [WW])"", ""Sep 22, 2025 (Worldwide [WW])"", ""Sep 22, 2025 (Worldwide [WW])"", ""Sep 25, 2025 (Worldwide [WW])"", ""Sep 25, 2025 (Worldwide [WW])""]","[""PlayStation 5"", ""Xbox Series X|S"", ""Nintendo Switch 2"", ""PC (Microsoft Windows)"", ""Nintendo Switch"", ""PlayStation 4"", ""Xbox One""]","[""Adventure"", ""Racing"", ""Sport""]","[""Action"", ""Party"", ""Science fiction""]","[""Sonic Team"", ""Sega""]",
279630,Shinobi: Art of Vengeance,https://www.igdb.com/g/5zri,9.075877009141642,Main Game,"[""Aug 29, 2025 (Worldwide [WW])"", ""Aug 29, 2025 (Worldwide [WW])"", ""Aug 29, 2025 (Worldwide [WW])"", ""Aug 29, 2025 (Worldwide [WW])"", ""Aug 26, 2025 (Worldwide [WW])"", ""Aug 29, 2025 (Worldwide [WW])"", ""Aug 26, 2025 (Worldwide [WW])"", ""Aug 26, 2025 (Worldwide [WW])"", ""Aug 29, 2025 (Worldwide [WW])"", ""Aug 26, 2025 (Worldwide [WW])"", ""Aug 26, 2025 (Worldwide [WW])"", ""Aug 26, 2025 (Worldwide [WW])"", ""Sep 24, 2026 (Worldwide [WW])""]","[""PlayStation 5"", ""Xbox Series X|S"", ""Nintendo Switch 2"", ""PC (Microsoft Windows)"", ""Nintendo Switch"", ""PlayStation 4"", ""Xbox One""]","[""Hack and slash/Beat 'em up"", ""Platform""]","[""Action"", ""Fantasy""]","[""Lizardcube"", ""Sega""]",
347118,Lumines Arise,https://www.igdb.com/g/7fu6,,Main Game,"[""Nov 11, 2025 (Worldwide [WW])"", ""Nov 11, 2025 (Worldwide [WW])"", ""Nov 11, 2025 (Worldwide [WW])"", ""Nov 11, 2025 (Worldwide [WW])""]","[""PlayStation VR2"", ""PlayStation 5"", ""SteamVR"", ""PC (Microsoft Windows)""]","[""Arcade"", ""Indie"", ""Music"", ""Puzzle""]","[""Action""]","[""Monstars"", ""Enhance""]",
332273,Monster Train 2,https://www.igdb.com/g/74dt,6.790917648493106,Main Game,"[""May 21, 2025 (Worldwide [WW])"", ""May 21, 2025 (Worldwide [WW])"", ""Dec 10, 2025 (Worldwide [WW])"", ""May 21, 2025 (Worldwide [WW])"", ""May 21, 2025 (Worldwide [WW])""]","[""Mac"", ""PlayStation 5"", ""Xbox Series X|S"", ""PC (Microsoft Windows)"", ""Nintendo Switch""]","[""Card & Board Game"", ""Indie"", ""Strategy"", ""Turn-based strategy (TBS)""]","[""Action"", ""Fantasy""]","[""Big Fan Games"", ""Shiny Shoe""]",
329130,Ninja Gaiden 4,https://www.igdb.com/g/71yi,7.964134420044408,Main Game,"[""Oct 21, 2025 (Worldwide [WW])"", ""Oct 21, 2025 (Worldwide [WW])"", ""Oct 21, 2025 (Worldwide [WW])""]","[""PlayStation 5"", ""Xbox Series X|S"", ""PC (Microsoft Windows)""]","[""Adventure"", ""Hack and slash/Beat 'em up""]","[""Action""]","[""Xbox Game Studios"", ""Team NINJA"", ""PlatinumGames""]",
302704,Doom: The Dark Ages,https://www.igdb.com/g/6hkg,8.235165062574616,Main Game,"[""May 15, 2025 (Worldwide [WW])"", ""May 15, 2025 (Worldwide [WW])"", ""May 13, 2025 (Worldwide [WW])"", ""May 15, 2025 (Worldwide [WW])""]","[""PlayStation 5"", ""Xbox Series X|S"", ""PC (Microsoft Windows)""]","[""Shooter""]","[""Action"", ""Fantasy"", ""Science fiction""]","[""Bethesda Softworks"", ""id Software""]",
222343,Silent Hill f,https://www.igdb.com/g/4rk7,7.050929082717012,Main Game,"[""Sep 25, 2025 (Worldwide [WW])"", ""Sep 25, 2025 (Worldwide [WW])"", ""Sep 25, 2025 (Worldwide [WW])"", ""Sep 23, 2025 (Worldwide [WW])"", ""Sep 23, 2025 (Worldwide [WW])"", ""Sep 23, 2025 (Worldwide [WW])""]","[""PlayStation 5"", ""Xbox Series X|S"", ""PC (Microsoft Windows)""]","[""Adventure"", ""Puzzle""]","[""Action"", ""Horror""]","[""Konami"", ""NeoBards Entertainment""]",
325580,Ninja Gaiden: Ragebound,https://www.igdb.com/g/6z7w,8.451008044668644,Main Game,"[""Jul 31, 2025 (Worldwide [WW])"", ""Jul 31, 2025 (Worldwide [WW])"", ""Jul 31, 2025 (Worldwide [WW])"", ""Jul 31, 2025 (Worldwide [WW])"", ""Jul 31, 2025 (Worldwide [WW])"", ""Jul 31, 2025 (Worldwide [WW])""]","[""PlayStation 5"", ""Xbox Series X|S"", ""PC (Microsoft Windows)"", ""Nintendo Switch"", ""PlayStation 4"", ""Xbox One""]","[""Adventure"", ""Arcade"", ""Hack and slash/Beat 'em up"", ""Indie"", ""Platform""]","[""Action""]","[""DotEmu"", ""The Game Kitchen""]",
281015,Earthion,https://www.igdb.com/g/60tz,,Main Game,"[""Jul 31, 2025 (Worldwide [WW])"", ""2026 (Worldwide [WW])"", ""Jul 31, 2025 (Worldwide [WW])"", ""Sep 18, 2025 (Worldwide [WW])"", ""Sep 18, 2025 (Worldwide [WW])"", ""Sep 18, 2025 (Worldwide [WW])"", ""Sep 18, 2025 (Worldwide [WW])"", ""Sep 18, 2025 (Worldwide [WW])""]","[""PlayStation 5"", ""Xbox Series X|S"", ""PC (Microsoft Windows)"", ""Nintendo Switch"", ""PlayStation 4"", ""Xbox One"", ""Arcade"", ""Sega Mega Drive/Genesis""]","[""Arcade"", ""Shooter""]","[""Action"", ""Science fiction""]","[""exA-Arcadia"", ""Ancient Co., Ltd."", ""Limited Run Games""]",
346035,Ball x Pit,https://www.igdb.com/g/7f03,7.4612265242802875,Main Game,"[""Oct 15, 2025 (Worldwide [WW])"", ""Oct 15, 2025 (Worldwide [WW])"", ""Oct 15, 2025 (Worldwide [WW])"", ""Oct 15, 2025 (Worldwide [WW])"", ""Oct 15, 2025 (Worldwide [WW])"", ""Oct 28, 2025 (Worldwide [WW])"", ""Mar 12, 2026 (Worldwide [WW])"", ""Mar 12, 2026 (Worldwide [WW])""]","[""Mac"", ""PlayStation 5"", ""Xbox Series X|S"", ""Nintendo Switch 2"", ""PC (Microsoft Windows)"", ""Android"", ""Nintendo Switch"", ""iOS""]","[""Arcade"", ""Indie"", ""Shooter""]","[""Action"", ""Survival""]","[""Devolver Digital"", ""Kenny Sun""]",
185258,ARC Raiders,https://www.igdb.com/g/3yy2,8.211779441640982,Main Game,"[""Oct 30, 2025 (Worldwide [WW])"", ""Oct 30, 2025 (Worldwide [WW])"", ""Oct 30, 2025 (Worldwide [WW])""]","[""PlayStation 5"", ""Xbox Series X|S"", ""PC (Microsoft Windows)""]","[""Shooter""]","[""Action"", ""Science fiction""]","[""Embark Studios""]",
325591,Elden Ring Nightreign,https://www.igdb.com/g/6z87,7.9201357792822185,Main Game,"[""May 30, 2025 (Worldwide [WW])"", ""May 30, 2025 (Worldwide [WW])"", ""May 30, 2025 (Worldwide [WW])"", ""May 30, 2025 (Worldwide [WW])"", ""May 30, 2025 (Worldwide [WW])""]","[""PlayStation 5"", ""Xbox Series X|S"", ""PC (Microsoft Windows)"", ""PlayStation 4"", ""Xbox One""]","[""Hack and slash/Beat 'em up"", ""Role-playing (RPG)""]","[""Action"", ""Fantasy"", ""Open world"", ""Survival""]","[""Bandai Namco Entertainment"", ""FromSoftware""]",
260321,Fatal Fury: City of the Wolves,https://www.igdb.com/g/5kv5,8.039729108772676,Main Game,"[""Apr 24, 2025 (Worldwide [WW])"", ""Apr 24, 2025 (Worldwide [WW])"", ""Apr 24, 2025 (Worldwide [WW])"", ""Apr 24, 2025 (Worldwide [WW])"", ""Apr 21, 2025 (Worldwide [WW])"", ""Apr 21, 2025 (Worldwide [WW])"", ""Apr 21, 2025 (Worldwide [WW])"", ""Apr 21, 2025 (Worldwide [WW])""]","[""PlayStation 5"", ""Xbox Series X|S"", ""PC (Microsoft Windows)"", ""PlayStation 4""]","[""Fighting""]","[""Action""]","[""SNK""]",
314276,Mafia: The Old Country,https://www.igdb.com/g/6qhw,7.636550819864091,Main Game,"[""Aug 08, 2025 (Worldwide [WW])"", ""Aug 07, 2025 (Worldwide [WW])"", ""Aug 08, 2025 (Worldwide [WW])""]","[""PlayStation 5"", ""Xbox Series X|S"", ""PC (Microsoft Windows)""]","[""Adventure"", ""Shooter""]","[""Action"", ""Historical""]","[""Hangar 13"", ""2K""]",
337035,Marvel Cosmic Invasion,https://www.igdb.com/g/7823,7.61427147774353,Main Game,"[""Dec 01, 2025 (Worldwide [WW])"", ""Dec 01, 2025 (Worldwide [WW])"", ""Dec 01, 2025 (Worldwide [WW])"", ""Dec 01, 2025 (Worldwide [WW])"", ""Dec 01, 2025 (Worldwide [WW])"", ""Dec 01, 2025 (Worldwide [WW])"", ""Dec 01, 2025 (Worldwide [WW])"", ""Dec 01, 2025 (Worldwide [WW])""]","[""PlayStation 5"", ""Xbox Series X|S"", ""Nintendo Switch 2"", ""PC (Microsoft Windows)"", ""Nintendo Switch"", ""PlayStation 4"", ""Xbox One"", ""Linux""]","[""Adventure"", ""Arcade"", ""Fighting"", ""Hack and slash/Beat 'em up"", ""Indie""]","[""Action"", ""Science fiction""]","[""DotEmu"", ""Tribute Games""]",
347646,LEGO Voyagers,https://www.igdb.com/g/7g8u,7.011687927938591,Main Game,"[""Sep 15, 2025 (Worldwide [WW])"", ""Sep 15, 2025 (Worldwide [WW])"", ""Sep 15, 2025 (Worldwide [WW])"", ""Sep 15, 2025 (Worldwide [WW])"", ""Sep 15, 2025 (Worldwide [WW])"", ""Sep 15, 2025 (Worldwide [WW])""]","[""PlayStation 5"", ""Xbox Series X|S"", ""Nintendo Switch 2"", ""PC (Microsoft Windows)"", ""Nintendo Switch"", ""PlayStation 4""]","[""Adventure"", ""Platform"", ""Puzzle""]","[""Kids""]","[""Light Brick Studio"", ""Annapurna Interactive""]",
317317,Like a Dragon: Pirate Yakuza in Hawaii,https://www.igdb.com/g/6sud,7.503812245184919,Main Game,"[""Feb 21, 2025 (Worldwide [WW])"", ""Feb 21, 2025 (Worldwide [WW])"", ""Feb 21, 2025 (Worldwide [WW])"", ""Feb 21, 2025 (Worldwide [WW])"", ""Feb 21, 2025 (Worldwide [WW])""]","[""PlayStation 5"", ""Xbox Series X|S"", ""PC (Microsoft Windows)"", ""PlayStation 4"", ""Xbox One""]","[""Adventure"", ""Hack and slash/Beat 'em up"", ""Role-playing (RPG)""]","[""Action""]","[""Sega"", ""Ryu Ga Gotoku Studio""]",
296843,The Rogue Prince of Persia,https://www.igdb.com/g/6d1n,8.01821914444338,Main Game,"[""Dec 16, 2025 (Worldwide [WW])"", ""Dec 16, 2025 (Worldwide [WW])"", ""May 27, 2024 (Worldwide [WW])"", ""Aug 20, 2025 (Worldwide [WW])"", ""Aug 20, 2025 (Worldwide [WW])"", ""Aug 20, 2025 (Worldwide [WW])""]","[""PlayStation 5"", ""Xbox Series X|S"", ""Nintendo Switch 2"", ""PC (Microsoft Windows)"", ""Nintendo Switch""]","[""Adventure"", ""Hack and slash/Beat 'em up"", ""Platform""]","[""Action"", ""Fantasy"", ""Historical""]","[""Ubisoft Entertainment"", ""Evil Empire""]",
327500,Terminator 2D: No Fate,https://www.igdb.com/g/70p8,7.190706020990744,Main Game,"[""Dec 12, 2025 (Worldwide [WW])"", ""Dec 12, 2025 (Worldwide [WW])"", ""Dec 12, 2025 (Worldwide [WW])"", ""Dec 12, 2025 (Worldwide [WW])"", ""Dec 12, 2025 (Worldwide [WW])"", ""Dec 12, 2025 (Worldwide [WW])"", ""Dec 12, 2025 (Worldwide [WW])"", ""Dec 12, 2025 (Worldwide [WW])""]","[""Mac"", ""PlayStation 5"", ""Xbox Series X|S"", ""PC (Microsoft Windows)"", ""Nintendo Switch"", ""PlayStation 4"", ""Xbox One"", ""Linux""]","[""Arcade"", ""Platform"", ""Shooter""]","[""Action"", ""Science fiction""]","[""Bitmap Bureau"", ""Reef Entertainment""]",
276506,Shantae Advance: Risky Revolution,https://www.igdb.com/g/5xcq,,Remaster,"[""Aug 19, 2025 (Worldwide [WW])"", ""Aug 19, 2025 (Worldwide [WW])"", ""Aug 19, 2025 (Worldwide [WW])"", ""Aug 19, 2025 (Worldwide [WW])"", ""Aug 19, 2025 (Worldwide [WW])"", ""Aug 19, 2025 (Worldwide [WW])""]","[""PlayStation 5"", ""Xbox Series X|S"", ""PC (Microsoft Windows)"", ""Nintendo Switch"", ""PlayStation 4"", ""Xbox One""]","[""Adventure"", ""Platform""]","[""Action"", ""Fantasy""]","[""WayForward"", ""Limited Run Games""]",
152246,The Outer Worlds 2,https://www.igdb.com/g/39h2,6.933522046135163,Main Game,"[""Oct 29, 2025 (Worldwide [WW])"", ""Oct 29, 2025 (Worldwide [WW])"", ""Oct 24, 2025 (Worldwide [WW])"", ""Oct 24, 2025 (Worldwide [WW])"", ""Oct 24, 2025 (Worldwide [WW])"", ""Oct 29, 2025 (Worldwide [WW])""]","[""PlayStation 5"", ""Xbox Series X|S"", ""PC (Microsoft Windows)""]","[""Adventure"", ""Role-playing (RPG)""]","[""Action"", ""Science fiction""]","[""Obsidian Entertainment"", ""Xbox Game Studios""]",
314246,Borderlands 4,https://www.igdb.com/g/6qh2,5.825651932778388,Main Game,"[""TBD (Worldwide [WW])"", ""Sep 11, 2025 (Worldwide [WW])"", ""Sep 11, 2025 (Worldwide [WW])"", ""Sep 11, 2025 (Worldwide [WW])""]","[""PlayStation 5"", ""Xbox Series X|S"", ""Nintendo Switch 2"", ""PC (Microsoft Windows)""]","[""Adventure"", ""Role-playing (RPG)"", ""Shooter""]","[""Action"", ""Science fiction""]","[""2K"", ""Gearbox Software""]",
214394,Dune: Awakening,https://www.igdb.com/g/4lfe,7.32716430835535,Main Game,"[""Jun 05, 2025 (Worldwide [WW])"", ""Jun 10, 2025 (Worldwide [WW])"", ""Sep 22, 2026 (Worldwide [WW])"", ""Sep 22, 2026 (Worldwide [WW])""]","[""PlayStation 5"", ""Xbox Series X|S"", ""PC (Microsoft Windows)""]","[""Adventure"", ""Role-playing (RPG)""]","[""Action"", ""Open world"", ""Science fiction""]","[""NUKKLEAR"", ""Funcom""]",
331214,Metal Eden,https://www.igdb.com/g/73ke,6.968909806764589,Main Game,"[""Sep 02, 2025 (Worldwide [WW])"", ""Sep 02, 2025 (Worldwide [WW])"", ""Sep 02, 2025 (Worldwide [WW])""]","[""PlayStation 5"", ""Xbox Series X|S"", ""PC (Microsoft Windows)""]","[""Adventure"", ""Arcade"", ""Shooter""]","[""Action"", ""Science fiction""]","[""Deep Silver"", ""Reikon Games""]",
324571,Teenage Mutant Ninja Turtles: Tactical Takedown,https://www.igdb.com/g/6yfv,,Main Game,"[""May 22, 2025 (Worldwide [WW])"", ""Aug 14, 2025 (Worldwide [WW])"", ""Aug 14, 2025 (Worldwide [WW])""]","[""Xbox Series X|S"", ""PC (Microsoft Windows)"", ""Nintendo Switch""]","[""Card & Board Game"", ""Indie"", ""Puzzle"", ""Strategy"", ""Turn-based strategy (TBS)""]",[],"[""Strange Scaffold""]",
300976,Assassin's Creed Shadows,https://www.igdb.com/g/6g8g,7.313308387652643,Main Game,"[""Dec 02, 2025 (Worldwide [WW])"", ""Mar 20, 2025 (Worldwide [WW])"", ""Mar 20, 2025 (Worldwide [WW])"", ""Mar 20, 2025 (Worldwide [WW])"", ""Mar 20, 2025 (Worldwide [WW])""]","[""Mac"", ""PlayStation 5"", ""Xbox Series X|S"", ""Nintendo Switch 2"", ""PC (Microsoft Windows)""]","[""Adventure"", ""Role-playing (RPG)""]","[""Action"", ""Historical"", ""Open world"", ""Stealth""]","[""Ubisoft Entertainment"", ""Ubisoft Québec"", ""Ubisoft Montreal"", ""Ubisoft Belgrade"", ""Ubisoft Bordeaux"", ""Ubisoft Bucharest"", ""Ubisoft Chengdu"", ""Ubisoft Montpellier"", ""Ubisoft Osaka"", ""Ubisoft Philippines"", ""Ubisoft Shanghai"", ""Ubisoft Singapore"", ""Ubisoft Sofia"", ""Ubisoft Craiova"", ""Ubisoft Ukraine""]",
337034,Everybody’s Golf: Hot Shots,https://www.igdb.com/g/7822,,Main Game,"[""Sep 05, 2025 (Worldwide [WW])"", ""Sep 05, 2025 (Worldwide [WW])"", ""Sep 05, 2025 (Worldwide [WW])""]","[""PlayStation 5"", ""PC (Microsoft Windows)"", ""Nintendo Switch""]","[""Sport""]",[],"[""Bandai Namco Entertainment"", ""Hyde""]",
305006,Sid Meier's Civilization VII,https://www.igdb.com/g/6jce,6.095270231210474,Main Game,"[""Jun 05, 2025 (Worldwide [WW])"", ""Feb 11, 2025 (Worldwide [WW])"", ""Feb 11, 2025 (Worldwide [WW])"", ""Feb 06, 2025 (Worldwide [WW])"", ""Feb 11, 2025 (Worldwide [WW])"", ""Feb 06, 2025 (Worldwide [WW])"", ""Feb 11, 2025 (Worldwide [WW])"", ""Feb 11, 2025 (Worldwide [WW])"", ""Feb 11, 2025 (Worldwide [WW])"", ""Feb 11, 2025 (Worldwide [WW])"", ""Feb 11, 2025 (Worldwide [WW])"", ""Feb 06, 2025 (Worldwide [WW])"", ""Feb 06, 2025 (Worldwide [WW])"", ""Feb 06, 2025 (Worldwide [WW])"", ""Feb 06, 2025 (Worldwide [WW])"", ""Feb 06, 2025 (Worldwide [WW])"", ""Feb 06, 2025 (Worldwide [WW])""]","[""Mac"", ""PlayStation 5"", ""Xbox Series X|S"", ""Nintendo Switch 2"", ""PC (Microsoft Windows)"", ""Nintendo Switch"", ""PlayStation 4"", ""Xbox One"", ""Linux""]","[""Simulator"", ""Strategy"", ""Tactical"", ""Turn-based strategy (TBS)""]","[""Historical""]","[""2K"", ""Firaxis Games""]",
308051,Double Dragon Revive,https://www.igdb.com/g/6loz,,Main Game,"[""Oct 23, 2025 (Worldwide [WW])"", ""Oct 23, 2025 (Worldwide [WW])"", ""Oct 23, 2025 (Worldwide [WW])"", ""Oct 23, 2025 (Worldwide [WW])"", ""Oct 23, 2025 (Worldwide [WW])"", ""Oct 23, 2025 (Worldwide [WW])"", ""Oct 22, 2025 (Worldwide [WW])"", ""Oct 22, 2025 (Worldwide [WW])"", ""Oct 22, 2025 (Worldwide [WW])"", ""Oct 22, 2025 (Worldwide [WW])"", ""Oct 22, 2025 (Worldwide [WW])""]","[""PlayStation 5"", ""Xbox Series X|S"", ""PC (Microsoft Windows)"", ""Nintendo Switch"", ""PlayStation 4"", ""Xbox One""]","[""Hack and slash/Beat 'em up""]","[""Action""]","[""Yuke's"", ""Arc System Works""]",
319758,Destiny: Rising,https://www.igdb.com/g/6uq6,8.714285714285714,Main Game,"[""Aug 28, 2025 (Worldwide [WW])"", ""Aug 28, 2025 (Worldwide [WW])"", ""Nov 01, 2024 (North America [NA])"", ""Nov 01, 2024 (North America [NA])""]","[""Android"", ""iOS""]","[""Role-playing (RPG)"", ""Shooter""]","[""Fantasy"", ""Science fiction""]","[""NetEase Games""]",
342382,Madden NFL 26,https://www.igdb.com/g/7c6m,6.848305719164101,Main Game,"[""Aug 11, 2025 (Worldwide [WW])"", ""Aug 11, 2025 (Worldwide [WW])"", ""Aug 14, 2025 (Worldwide [WW])"", ""Aug 14, 2025 (Worldwide [WW])"", ""Aug 14, 2025 (Worldwide [WW])"", ""Aug 11, 2025 (Worldwide [WW])"", ""Aug 14, 2025 (Worldwide [WW])"", ""Aug 11, 2025 (Worldwide [WW])""]","[""PlayStation 5"", ""Xbox Series X|S"", ""Nintendo Switch 2"", ""PC (Microsoft Windows)""]","[""Simulator"", ""Sport"", ""Strategy""]","[""Action""]","[""EA Sports"", ""Electronic Arts"", ""EA Orlando""]",
338069,Nintendo Switch 2 Welcome Tour,https://www.igdb.com/g/78ut,4.279301788520899,Main Game,"[""Jun 05, 2025 (Worldwide [WW])""]","[""Nintendo Switch 2""]","[""Arcade""]","[""Action"", ""Educational""]","[""Nintendo"", ""Nintendo Cube"", ""Nintendo EPD Production Group No. 4"", ""Nintendo Entertainment Planning & Development""]",
348220,Call of Duty: Black Ops 7,https://www.igdb.com/g/7gos,4.067798072642766,Main Game,"[""Nov 14, 2025 (Worldwide [WW])"", ""Nov 14, 2025 (Worldwide [WW])"", ""Nov 14, 2025 (Worldwide [WW])"", ""Oct 05, 2025 (Worldwide [WW])"", ""Oct 05, 2025 (Worldwide [WW])"", ""Oct 05, 2025 (Worldwide [WW])"", ""Oct 05, 2025 (Worldwide [WW])"", ""Oct 05, 2025 (Worldwide [WW])"", ""Nov 14, 2025 (Worldwide [WW])"", ""Nov 14, 2025 (Worldwide [WW])""]","[""PlayStation 5"", ""Xbox Series X|S"", ""PC (Microsoft Windows)"", ""PlayStation 4"", ""Xbox One""]","[""Shooter""]","[""Action"", ""Science fiction"", ""Warfare""]","[""Treyarch"", ""Activision"", ""Raven Software""]",
370036,Fire Emblem Shadows,https://www.igdb.com/g/7xis,,Main Game,"[""Sep 25, 2025 (Worldwide [WW])"", ""Sep 25, 2025 (Worldwide [WW])""]","[""Android"", ""iOS""]","[""Role-playing (RPG)"", ""Tactical""]","[""Fantasy"", ""Warfare""]","[""DeNA"", ""Nintendo"", ""Intelligent Systems""]",
303811,Astro Bot,https://www.igdb.com/g/6if7,9.05634084577218,Main Game,"[""Sep 06, 2024 (Worldwide [WW])""]","[""PlayStation 5""]","[""Adventure"", ""Platform""]","[""Action"", ""Science fiction""]","[""Sony Interactive Entertainment"", ""Team Asobi""]",
218282,1000xResist,https://www.igdb.com/g/4ofe,8.082212715587595,Main Game,"[""May 09, 2024 (Worldwide [WW])"", ""May 09, 2024 (Worldwide [WW])"", ""Nov 04, 2025 (Worldwide [WW])"", ""Nov 04, 2025 (Worldwide [WW])""]","[""PlayStation 5"", ""Xbox Series X|S"", ""PC (Microsoft Windows)"", ""Nintendo Switch""]","[""Adventure"", ""Indie""]","[""Horror"", ""Science fiction""]","[""sunset visitor 斜陽過客"", ""Fellow Traveller""]",
26602,Metaphor: ReFantazio,https://www.igdb.com/g/kiy,8.598532253718444,Main Game,"[""Oct 11, 2024 (Worldwide [WW])"", ""Oct 11, 2024 (Worldwide [WW])"", ""Oct 11, 2024 (Worldwide [WW])"", ""Oct 11, 2024 (Worldwide [WW])"", ""Nov 12, 2026 (Worldwide [WW])""]","[""PlayStation 5"", ""Xbox Series X|S"", ""Nintendo Switch 2"", ""PC (Microsoft Windows)"", ""PlayStation 4""]","[""Adventure"", ""Role-playing (RPG)"", ""Turn-based strategy (TBS)""]","[""Action"", ""Fantasy""]","[""Atlus"", ""Sega"", ""Studio Zero""]",
54555,UFO 50,https://www.igdb.com/g/163f,8.385323042035196,Bundle,"[""Sep 18, 2024 (Worldwide [WW])"", ""Aug 07, 2025 (Worldwide [WW])""]","[""PC (Microsoft Windows)"", ""Nintendo Switch""]","[""Adventure"", ""Arcade"", ""Indie"", ""Platform"", ""Puzzle"", ""Role-playing (RPG)"", ""Shooter"", ""Strategy""]","[""Action""]","[""FourbitFriday"", ""Moppin"", ""Jon Perry"", ""phubans"", ""Eirik Suhrke"", ""Mossmouth""]",
24054,Caves of Qud,https://www.igdb.com/g/ik6,8.215513761531204,Main Game,"[""Jul 15, 2015 (Worldwide [WW])"", ""Jul 15, 2015 (Worldwide [WW])"", ""Jul 15, 2015 (Worldwide [WW])"", ""Dec 05, 2024 (Worldwide [WW])"", ""Dec 05, 2024 (Worldwide [WW])"", ""Dec 05, 2024 (Worldwide [WW])"", ""Feb 16, 2026 (Worldwide [WW])""]","[""Mac"", ""PC (Microsoft Windows)"", ""Nintendo Switch"", ""Linux""]","[""Adventure"", ""Indie"", ""Role-playing (RPG)"", ""Simulator"", ""Strategy"", ""Turn-based strategy (TBS)""]","[""Fantasy"", ""Science fiction""]","[""Freehold Games"", ""Kitfox Games""]",
117170,Stellar Blade,https://www.igdb.com/g/2ieq,8.154343993456322,Main Game,"[""Apr 26, 2024 (Worldwide [WW])"", ""Jun 11, 2025 (Worldwide [WW])"", ""TBD (Worldwide [WW])""]","[""PlayStation 5"", ""Nintendo Switch 2"", ""PC (Microsoft Windows)""]","[""Adventure"", ""Hack and slash/Beat 'em up"", ""Role-playing (RPG)""]","[""Action"", ""Science fiction""]","[""Sony XDev"", ""SHIFT UP"", ""Sony Interactive Entertainment""]",
250616,Helldivers 2,https://www.igdb.com/g/5ddk,8.130707053002507,Main Game,"[""Aug 26, 2025 (Worldwide [WW])"", ""Feb 08, 2024 (Worldwide [WW])"", ""Feb 08, 2024 (Worldwide [WW])""]","[""PlayStation 5"", ""Xbox Series X|S"", ""PC (Microsoft Windows)""]","[""Shooter"", ""Tactical""]","[""Action"", ""Science fiction""]","[""Arrowhead Game Studios"", ""Sony Interactive Entertainment"", ""Sumo India""]",
306149,The Legend of Zelda: Echoes of Wisdom,https://www.igdb.com/g/6k85,8.359929306121307,Main Game,"[""Sep 26, 2024 (Worldwide [WW])"", ""Jun 05, 2025 (Worldwide [WW])""]","[""Nintendo Switch 2"", ""Nintendo Switch""]","[""Adventure"", ""Puzzle""]","[""Action"", ""Fantasy""]","[""Grezzo"", ""Nintendo"", ""Nintendo Entertainment Planning & Development"", ""Nintendo EPD Production Group No. 3""]",
217590,Tekken 8,https://www.igdb.com/g/4nw6,7.546158468237253,Main Game,"[""Jan 26, 2024 (Worldwide [WW])"", ""Jan 26, 2024 (Worldwide [WW])"", ""Jan 26, 2024 (Worldwide [WW])""]","[""PlayStation 5"", ""Xbox Series X|S"", ""PC (Microsoft Windows)""]","[""Fighting""]","[""Action""]","[""Bandai Namco Studios"", ""Bandai Namco Entertainment"", ""Flame Hearts"", ""Bandai Namco Studios Singapore""]",
256403,Arzette: The Jewel of Faramore,https://www.igdb.com/g/5hub,7.923893215669687,Main Game,"[""Feb 14, 2024 (Worldwide [WW])"", ""Feb 14, 2024 (Worldwide [WW])"", ""Feb 14, 2024 (Worldwide [WW])"", ""Feb 14, 2024 (Worldwide [WW])"", ""Feb 14, 2024 (Worldwide [WW])""]","[""PlayStation 5"", ""Xbox Series X|S"", ""PC (Microsoft Windows)"", ""Nintendo Switch"", ""PlayStation 4""]","[""Adventure"", ""Hack and slash/Beat 'em up"", ""Indie"", ""Platform""]","[""Action"", ""Fantasy""]","[""Limited Run Games"", ""Seedy Eye Software""]",
127342,Hellblade II: Senua's Saga,https://www.igdb.com/g/2q9a,7.809463315532328,Main Game,"[""Aug 12, 2025 (Worldwide [WW])"", ""May 21, 2024 (Worldwide [WW])"", ""May 21, 2024 (Worldwide [WW])""]","[""PlayStation 5"", ""Xbox Series X|S"", ""PC (Microsoft Windows)""]","[""Adventure""]","[""Action"", ""Fantasy"", ""Horror""]","[""Ninja Theory"", ""Xbox Game Studios""]",
279636,Visions of Mana,https://www.igdb.com/g/5zro,,Main Game,"[""Aug 29, 2024 (Worldwide [WW])"", ""Aug 28, 2024 (Worldwide [WW])"", ""Aug 29, 2024 (Worldwide [WW])"", ""Aug 28, 2024 (Worldwide [WW])"", ""Aug 29, 2024 (Worldwide [WW])"", ""Aug 28, 2024 (Worldwide [WW])"", ""Aug 29, 2024 (Worldwide [WW])"", ""Aug 28, 2024 (Worldwide [WW])""]","[""PlayStation 5"", ""Xbox Series X|S"", ""PC (Microsoft Windows)"", ""PlayStation 4""]","[""Adventure"", ""Role-playing (RPG)""]","[""Action"", ""Fantasy""]","[""Square Enix"", ""Square Enix Creative Business Unit IV"", ""Grezzo"", ""Ouka Studio""]",
266681,SaGa: Emerald Beyond,https://www.igdb.com/g/5prt,,Main Game,"[""Apr 25, 2024 (Worldwide [WW])"", ""Apr 25, 2024 (Worldwide [WW])"", ""Apr 25, 2024 (Worldwide [WW])"", ""Apr 25, 2024 (Worldwide [WW])"", ""Apr 25, 2024 (Worldwide [WW])"", ""Apr 25, 2024 (Worldwide [WW])""]","[""PlayStation 5"", ""PC (Microsoft Windows)"", ""Android"", ""Nintendo Switch"", ""PlayStation 4"", ""iOS""]","[""Role-playing (RPG)""]","[""Fantasy"", ""Science fiction""]","[""Square Enix"", ""Square Enix Creative Business Unit I""]",
254477,Radirgy 2,https://www.igdb.com/g/5gct,,Main Game,"[""Mar 28, 2024 (Japan [JP])"", ""Mar 28, 2024 (Japan [JP])"", ""Mar 28, 2024 (Japan [JP])""]","[""PlayStation 5"", ""Nintendo Switch"", ""PlayStation 4""]","[""Shooter""]","[""Action""]","[""Beep Japan"", ""RS34""]",
252830,Microsoft Flight Simulator 2024,https://www.igdb.com/g/5f32,7.089278789259086,Main Game,"[""Dec 08, 2025 (Worldwide [WW])"", ""2026 (Worldwide [WW])"", ""Nov 19, 2024 (Worldwide [WW])"", ""Nov 19, 2024 (Worldwide [WW])"", ""Dec 03, 2025 (Worldwide [WW])""]","[""PlayStation VR2"", ""PlayStation 5"", ""Xbox Series X|S"", ""PC (Microsoft Windows)""]","[""Simulator""]","[""Non-fiction""]","[""Asobo Studio"", ""Xbox Game Studios""]",
137451,Eiyuden Chronicle: Hundred Heroes,https://www.igdb.com/g/2y23,7.139155880295295,Main Game,"[""Apr 23, 2024 (Worldwide [WW])"", ""Apr 23, 2024 (Worldwide [WW])"", ""Apr 23, 2024 (Worldwide [WW])"", ""Apr 23, 2024 (Worldwide [WW])"", ""Apr 23, 2024 (Worldwide [WW])"", ""Apr 23, 2024 (Worldwide [WW])""]","[""PlayStation 5"", ""Xbox Series X|S"", ""PC (Microsoft Windows)"", ""Nintendo Switch"", ""PlayStation 4"", ""Xbox One""]","[""Adventure"", ""Indie"", ""Role-playing (RPG)"", ""Strategy""]","[""Action"", ""Fantasy""]","[""505 Games"", ""Rabbit & Bear Studios""]",
299862,Nintendo World Championships: NES Edition,https://www.igdb.com/g/6fdi,,Main Game,"[""Jul 18, 2024 (Worldwide [WW])""]","[""Nintendo Switch""]","[""Platform"", ""Racing""]","[""Action"", ""Party""]","[""Nintendo"", ""indieszero Co., Ltd.""]",
294041,Marvel Rivals,https://www.igdb.com/g/6avt,7.60398725271315,Main Game,"[""Dec 06, 2024 (Worldwide [WW])"", ""Dec 06, 2024 (Worldwide [WW])"", ""Dec 06, 2024 (Worldwide [WW])"", ""Sep 12, 2025 (Worldwide [WW])"", ""TBD ()""]","[""PlayStation 5"", ""Xbox Series X|S"", ""Nintendo Switch 2"", ""PC (Microsoft Windows)"", ""PlayStation 4""]","[""Shooter""]","[""Action""]","[""NetEase Games"", ""Marvel Games""]",
202956,Wuthering Waves,https://www.igdb.com/g/4clo,7.024384064681796,Main Game,"[""May 22, 2024 (Worldwide [WW])"", ""May 22, 2024 (Worldwide [WW])"", ""Jan 02, 2025 (Worldwide [WW])"", ""May 22, 2024 (Worldwide [WW])"", ""Mar 27, 2025 (Worldwide [WW])"", ""Jul 2026 (Worldwide [WW])""]","[""Mac"", ""PlayStation 5"", ""Xbox Series X|S"", ""PC (Microsoft Windows)"", ""Android"", ""iOS""]","[""Adventure"", ""Hack and slash/Beat 'em up"", ""Role-playing (RPG)""]","[""Action"", ""Fantasy"", ""Open world"", ""Science fiction""]","[""Kuro Games""]",
252480,Sand Land,https://www.igdb.com/g/5etc,7.498379818671913,Main Game,"[""Apr 26, 2024 (Worldwide [WW])"", ""Apr 26, 2024 (Worldwide [WW])"", ""Apr 26, 2024 (Worldwide [WW])"", ""Apr 26, 2024 (Worldwide [WW])""]","[""PlayStation 5"", ""Xbox Series X|S"", ""PC (Microsoft Windows)"", ""PlayStation 4""]","[""Role-playing (RPG)""]","[""Action"", ""Open world""]","[""Bird Studio"", ""Bandai Namco Entertainment"", ""ILCA""]",
320204,RetroRealms Double Feature: Halloween '+ Ash vs. Evil Dead,https://www.igdb.com/g/6v2k,,Bundle,"[""Oct 18, 2024 (Worldwide [WW])"", ""Oct 18, 2024 (Worldwide [WW])"", ""Oct 18, 2024 (Worldwide [WW])"", ""Oct 18, 2024 (Worldwide [WW])"", ""Oct 18, 2024 (Worldwide [WW])"", ""Oct 18, 2024 (Worldwide [WW])""]","[""PlayStation 5"", ""Xbox Series X|S"", ""PC (Microsoft Windows)"", ""Nintendo Switch"", ""PlayStation 4"", ""Xbox One""]","[""Adventure"", ""Arcade"", ""Platform""]","[""Action"", ""Horror""]","[""WayForward Technologies"", ""Boss Team Games""]",
266684,Contra: Operation Galuga,https://www.igdb.com/g/5prw,7.028390415451924,Remake,"[""Mar 12, 2024 (Worldwide [WW])"", ""Jun 20, 2024 (Worldwide [WW])"", ""Jun 20, 2024 (Worldwide [WW])"", ""Mar 12, 2024 (Worldwide [WW])"", ""Mar 12, 2024 (Worldwide [WW])"", ""Mar 12, 2024 (Worldwide [WW])""]","[""PlayStation 5"", ""Xbox Series X|S"", ""PC (Microsoft Windows)"", ""Nintendo Switch"", ""PlayStation 4"", ""Xbox One""]","[""Arcade"", ""Platform"", ""Shooter""]","[""Action""]","[""Konami"", ""WayForward""]",
151665,Palworld,https://www.igdb.com/g/390x,7.382156610389809,Main Game,"[""Sep 24, 2024 (Worldwide [WW])"", ""Jan 19, 2024 (Worldwide [WW])"", ""Mar 03, 2025 (Worldwide [WW])"", ""Jan 19, 2024 (Worldwide [WW])"", ""Jan 19, 2024 (Worldwide [WW])"", ""Jul 10, 2026 (Worldwide [WW])"", ""Jul 10, 2026 (Worldwide [WW])"", ""Jul 10, 2026 (Worldwide [WW])"", ""Jul 10, 2026 (Worldwide [WW])"", ""Jul 10, 2026 (Worldwide [WW])""]","[""Mac"", ""PlayStation 5"", ""Xbox Series X|S"", ""PC (Microsoft Windows)"", ""Xbox One""]","[""Adventure"", ""Hack and slash/Beat 'em up"", ""Indie"", ""Role-playing (RPG)"", ""Shooter""]","[""Action"", ""Open world"", ""Sandbox"", ""Survival""]","[""PocketPair""]",
152062,Metal Slug Tactics,https://www.igdb.com/g/39by,6.06488188976378,Main Game,"[""Nov 05, 2024 (Worldwide [WW])"", ""Nov 05, 2024 (Worldwide [WW])"", ""Nov 05, 2024 (Worldwide [WW])"", ""Nov 05, 2024 (Worldwide [WW])"", ""Nov 05, 2024 (Worldwide [WW])"", ""Nov 05, 2024 (Worldwide [WW])""]","[""PlayStation 5"", ""Xbox Series X|S"", ""PC (Microsoft Windows)"", ""Nintendo Switch"", ""PlayStation 4"", ""Xbox One""]","[""Arcade"", ""Indie"", ""Role-playing (RPG)"", ""Strategy"", ""Tactical""]","[""Action"", ""Fantasy"", ""Warfare""]","[""Leikir Studio"", ""DotEmu"", ""Gamirror Games""]",
200551,Zenless Zone Zero,https://www.igdb.com/g/4aqv,6.927545573757808,Main Game,"[""Jul 04, 2024 (Worldwide [WW])"", ""Jan 29, 2024 (Worldwide [WW])"", ""Jun 20, 2024 (Worldwide [WW])"", ""Jul 04, 2024 (Worldwide [WW])"", ""May 27, 2024 (Worldwide [WW])"", ""Jul 02, 2024 (Worldwide [WW])"", ""Jun 06, 2025 (Worldwide [WW])""]","[""PlayStation 5"", ""Xbox Series X|S"", ""PC (Microsoft Windows)"", ""Android"", ""iOS""]","[""Adventure"", ""Hack and slash/Beat 'em up"", ""Role-playing (RPG)""]","[""Action"", ""Fantasy"", ""Science fiction""]","[""miHoYo"", ""HoYoverse"", ""Cognosphere""]",
299582,Alien: Rogue Incursion,https://www.igdb.com/g/6f5q,7.00410840501319,Main Game,"[""Dec 19, 2024 (Worldwide [WW])"", ""Dec 19, 2024 (Worldwide [WW])"", ""Feb 13, 2025 (Worldwide [WW])""]","[""PlayStation VR2"", ""SteamVR"", ""Meta Quest 3""]","[""Shooter""]","[""Action"", ""Horror"", ""Science fiction""]","[""Survios""]",
302156,Call of Duty: Black Ops 6,https://www.igdb.com/g/6h58,7.3878287766966295,Main Game,"[""Oct 25, 2024 (Worldwide [WW])"", ""Oct 25, 2024 (Worldwide [WW])"", ""Sep 06, 2024 (Worldwide [WW])"", ""Oct 25, 2024 (Worldwide [WW])"", ""Oct 25, 2024 (Worldwide [WW])"", ""Sep 06, 2024 (Worldwide [WW])"", ""Sep 06, 2024 (Worldwide [WW])"", ""Sep 06, 2024 (Worldwide [WW])"", ""Sep 06, 2024 (Worldwide [WW])"", ""Oct 25, 2024 (Worldwide [WW])""]","[""PlayStation 5"", ""Xbox Series X|S"", ""PC (Microsoft Windows)"", ""PlayStation 4"", ""Xbox One""]","[""Shooter""]","[""Action"", ""Warfare""]","[""Beenox"", ""Treyarch"", ""Activision"", ""Raven Software""]",
30208,Dragon Age: The Veilguard,https://www.igdb.com/g/nb4,6.942404332658003,Main Game,"[""Oct 31, 2024 (Worldwide [WW])"", ""Oct 31, 2024 (Worldwide [WW])"", ""Oct 31, 2024 (Worldwide [WW])""]","[""PlayStation 5"", ""Xbox Series X|S"", ""PC (Microsoft Windows)""]","[""Adventure"", ""Role-playing (RPG)"", ""Strategy""]","[""Action"", ""Fantasy""]","[""Electronic Arts"", ""BioWare""]",
228175,Starship Troopers: Extermination,https://www.igdb.com/g/4w27,6.272174999157788,Main Game,"[""Oct 11, 2024 (Worldwide [WW])"", ""Oct 11, 2024 (Worldwide [WW])"", ""May 17, 2023 (Worldwide [WW])"", ""Oct 11, 2024 (Worldwide [WW])""]","[""PlayStation 5"", ""Xbox Series X|S"", ""PC (Microsoft Windows)""]","[""Indie"", ""Shooter""]","[""Action"", ""Science fiction""]","[""Offworld Industries""]",
298314,Yars Rising,https://www.igdb.com/g/6e6i,,Main Game,"[""Sep 10, 2024 (Worldwide [WW])"", ""Sep 10, 2024 (Worldwide [WW])"", ""Sep 10, 2024 (Worldwide [WW])"", ""Sep 10, 2024 (Worldwide [WW])"", ""Sep 10, 2024 (Worldwide [WW])"", ""Sep 10, 2024 (Worldwide [WW])""]","[""PlayStation 5"", ""Xbox Series X|S"", ""PC (Microsoft Windows)"", ""Nintendo Switch"", ""PlayStation 4"", ""Xbox One""]","[""Adventure"", ""Arcade"", ""Platform"", ""Shooter""]","[""Action"", ""Mystery"", ""Science fiction"", ""Stealth""]","[""Atari Interactive"", ""WayForward""]",
173320,Shinorubi,https://www.igdb.com/g/3pqg,,Main Game,"[""Jan 12, 2024 (Worldwide [WW])"", ""Jan 12, 2024 (Worldwide [WW])"", ""Jan 12, 2024 (Worldwide [WW])"", ""Jan 12, 2024 (Worldwide [WW])"", ""Jan 12, 2024 (Worldwide [WW])"", ""Jan 19, 2022 (Worldwide [WW])"", ""Jan 19, 2024 (Worldwide [WW])""]","[""PlayStation 5"", ""Xbox Series X|S"", ""PC (Microsoft Windows)"", ""Nintendo Switch"", ""PlayStation 4"", ""Xbox One""]","[""Arcade"", ""Indie"", ""Shooter""]","[""Action"", ""Science fiction""]","[""Last Boss 88"", ""Red Art Games""]",
303285,Killer Klowns From Outer Space: The Game '- Digital Deluxe Edition,https://www.igdb.com/g/6i0l,,Main Game,"[""May 28, 2024 (Worldwide [WW])"", ""Jun 04, 2024 (Worldwide [WW])"", ""Jun 04, 2024 (Worldwide [WW])"", ""May 28, 2024 (Worldwide [WW])"", ""May 28, 2024 (Worldwide [WW])"", ""Jun 04, 2024 (Worldwide [WW])""]","[""PlayStation 5"", ""Xbox Series X|S"", ""PC (Microsoft Windows)""]","[""Adventure""]","[""Action"", ""Horror"", ""Survival""]","[""Illfonic"", ""Teravision Games""]",
264313,G.I. Joe: Wrath of Cobra,https://www.igdb.com/g/5ny1,,Main Game,"[""Sep 26, 2024 (Worldwide [WW])"", ""Nov 21, 2024 (Worldwide [WW])"", ""Nov 21, 2024 (Worldwide [WW])"", ""Nov 21, 2024 (Worldwide [WW])""]","[""PlayStation 5"", ""Xbox Series X|S"", ""PC (Microsoft Windows)"", ""Nintendo Switch""]","[""Adventure"", ""Hack and slash/Beat 'em up"", ""Indie""]","[""Action""]","[""Freedom Games"", ""Maple Powered Games""]",
305003,LEGO Horizon Adventures,https://www.igdb.com/g/6jcb,6.712058667093366,Main Game,"[""Nov 14, 2024 (Worldwide [WW])"", ""Nov 14, 2024 (Worldwide [WW])"", ""Nov 14, 2024 (Worldwide [WW])""]","[""PlayStation 5"", ""PC (Microsoft Windows)"", ""Nintendo Switch""]","[""Adventure"", ""Puzzle""]","[""Action"", ""Comedy"", ""Science fiction""]","[""Guerrilla Games"", ""Studio Gobo"", ""Sony Interactive Entertainment""]",
288335,Teenage Mutant Ninja Turtles Arcade: Wrath of the Mutants,https://www.igdb.com/g/66hb,,Expanded Game,"[""Apr 23, 2024 (Worldwide [WW])"", ""Apr 23, 2024 (Worldwide [WW])"", ""Apr 23, 2024 (Worldwide [WW])"", ""Apr 23, 2024 (Worldwide [WW])"", ""Apr 23, 2024 (Worldwide [WW])"", ""Apr 23, 2024 (Worldwide [WW])""]","[""PlayStation 5"", ""Xbox Series X|S"", ""PC (Microsoft Windows)"", ""Nintendo Switch"", ""PlayStation 4"", ""Xbox One""]","[""Arcade"", ""Fighting"", ""Hack and slash/Beat 'em up""]","[""Action""]","[""Cradle Games"", ""Raw Thrills"", ""GameMill Entertainment""]",
279635,The Casting of Frank Stone,https://www.igdb.com/g/5zrn,6.2187675889081335,Main Game,"[""Sep 03, 2024 (Worldwide [WW])"", ""Sep 03, 2024 (Worldwide [WW])"", ""Sep 03, 2024 (Worldwide [WW])""]","[""PlayStation 5"", ""Xbox Series X|S"", ""PC (Microsoft Windows)""]","[""Adventure""]","[""Drama"", ""Horror"", ""Mystery"", ""Thriller""]","[""Supermassive Games"", ""Behaviour Interactive""]",
208476,The First Descendant,https://www.igdb.com/g/4gv0,5.937700390344725,Main Game,"[""Jul 02, 2024 (Worldwide [WW])"", ""Sep 19, 2023 (Worldwide [WW])"", ""Jul 02, 2024 (Worldwide [WW])"", ""Sep 19, 2023 (Worldwide [WW])"", ""Sep 19, 2023 (Worldwide [WW])"", ""Sep 19, 2023 (Worldwide [WW])"", ""Jul 02, 2024 (Worldwide [WW])"", ""Jul 02, 2024 (Worldwide [WW])"", ""Sep 19, 2023 (Worldwide [WW])"", ""Jul 02, 2024 (Worldwide [WW])""]","[""PlayStation 5"", ""Xbox Series X|S"", ""PC (Microsoft Windows)"", ""PlayStation 4"", ""Xbox One""]","[""Adventure"", ""Role-playing (RPG)"", ""Shooter""]","[""Action"", ""Science fiction""]","[""Nexon Games"", ""Nexon Korea""]",
289562,Teenage Mutant Ninja Turtles: Mutants Unleashed,https://www.igdb.com/g/67fe,6.450160535560271,Main Game,"[""Oct 18, 2024 (Worldwide [WW])"", ""Oct 18, 2024 (Worldwide [WW])"", ""Oct 18, 2024 (Worldwide [WW])"", ""Oct 18, 2024 (Worldwide [WW])"", ""Oct 18, 2024 (Worldwide [WW])"", ""Oct 18, 2024 (Worldwide [WW])""]","[""PlayStation 5"", ""Xbox Series X|S"", ""PC (Microsoft Windows)"", ""Nintendo Switch"", ""PlayStation 4"", ""Xbox One""]","[""Adventure"", ""Arcade"", ""Fighting"", ""Hack and slash/Beat 'em up""]","[""Action"", ""Comedy"", ""Kids""]","[""AHEARTFULOFGAMES"", ""Outright Games""]",
119171,Baldur's Gate III,https://www.igdb.com/g/2jyb,9.503874715873717,Main Game,"[""Sep 22, 2023 (Worldwide [WW])"", ""Sep 06, 2023 (Worldwide [WW])"", ""Dec 08, 2023 (Worldwide [WW])"", ""Oct 06, 2020 (Worldwide [WW])"", ""Oct 06, 2020 (Worldwide [WW])"", ""TBD (Worldwide [WW])"", ""Oct 06, 2020 (Worldwide [WW])"", ""Aug 03, 2023 (Worldwide [WW])"", ""Sep 23, 2025 (Worldwide [WW])""]","[""Mac"", ""PlayStation 5"", ""Xbox Series X|S"", ""PC (Microsoft Windows)"", ""Google Stadia"", ""Linux""]","[""Role-playing (RPG)"", ""Strategy"", ""Turn-based strategy (TBS)""]","[""Action"", ""Fantasy""]","[""Wushu Studios"", ""Anshar Studios"", ""Larian Studios""]",
228542,Armored Core VI: Fires of Rubicon,https://www.igdb.com/g/4wce,8.022616182743809,Main Game,"[""Aug 25, 2023 (Worldwide [WW])"", ""Aug 25, 2023 (Worldwide [WW])"", ""Aug 24, 2023 (Worldwide [WW])"", ""Aug 25, 2023 (Worldwide [WW])"", ""Aug 25, 2023 (Worldwide [WW])""]","[""PlayStation 5"", ""Xbox Series X|S"", ""PC (Microsoft Windows)"", ""PlayStation 4"", ""Xbox One""]","[""Shooter""]","[""Action"", ""Science fiction""]","[""Bandai Namco Entertainment"", ""FromSoftware""]",
59843,Pikmin 4,https://www.igdb.com/g/1a6b,8.531859117406498,Main Game,"[""Jul 21, 2023 (Worldwide [WW])""]","[""Nintendo Switch""]","[""Adventure"", ""Real Time Strategy (RTS)"", ""Strategy""]","[""Action"", ""Science fiction""]","[""Nintendo"", ""Nintendo Entertainment Planning & Development"", ""Eighting"", ""Nintendo EPD Production Group No. 10""]",
217556,Theatrhythm Final Bar Line,https://www.igdb.com/g/4nv8,8.00825696659796,Main Game,"[""Feb 16, 2023 (Worldwide [WW])"", ""Feb 16, 2023 (Worldwide [WW])""]","[""Nintendo Switch"", ""PlayStation 4""]","[""Music"", ""Role-playing (RPG)""]",[],"[""Square Enix"", ""indieszero Co., Ltd.""]",
217554,Octopath Traveler II,https://www.igdb.com/g/4nv6,8.210257222021658,Main Game,"[""Feb 24, 2023 (Worldwide [WW])"", ""Jun 05, 2024 (Worldwide [WW])"", ""Feb 24, 2023 (Worldwide [WW])"", ""Oct 01, 2026 (Worldwide [WW])"", ""Oct 01, 2026 (Worldwide [WW])"", ""Feb 24, 2023 (Worldwide [WW])"", ""Jun 05, 2024 (Worldwide [WW])"", ""Feb 24, 2023 (Worldwide [WW])""]","[""PlayStation 5"", ""Xbox Series X|S"", ""Nintendo Switch 2"", ""PC (Microsoft Windows)"", ""Nintendo Switch"", ""PlayStation 4"", ""Xbox One""]","[""Role-playing (RPG)""]","[""Action"", ""Fantasy""]","[""ACQUIRE Corp."", ""Square Enix"", ""Square Enix Creative Business Unit II""]",
233585,Hi'-Fi Rush,https://www.igdb.com/g/508h,8.517058294088175,Main Game,"[""Jan 25, 2023 (Worldwide [WW])"", ""Jan 25, 2023 (Worldwide [WW])"", ""Mar 19, 2024 (Worldwide [WW])""]","[""PlayStation 5"", ""Xbox Series X|S"", ""PC (Microsoft Windows)""]","[""Adventure"", ""Hack and slash/Beat 'em up"", ""Music"", ""Platform""]","[""Action""]","[""Bethesda Softworks"", ""Tango Gameworks"", ""Krafton""]",
254339,Super Mario Bros. Wonder,https://www.igdb.com/g/5g8z,8.743335907391375,Main Game,"[""Oct 20, 2023 (Worldwide [WW])""]","[""Nintendo Switch""]","[""Platform""]","[""Action"", ""Comedy"", ""Fantasy""]","[""Nintendo EPD Production Group No. 10"", ""Nintendo""]",
217624,Like a Dragon Gaiden: The Man Who Erased His Name,https://www.igdb.com/g/4nx4,7.68902230835608,Main Game,"[""Nov 09, 2023 (Worldwide [WW])"", ""Nov 09, 2023 (Worldwide [WW])"", ""Nov 09, 2023 (Worldwide [WW])"", ""Nov 09, 2023 (Worldwide [WW])"", ""Nov 09, 2023 (Worldwide [WW])""]","[""PlayStation 5"", ""Xbox Series X|S"", ""PC (Microsoft Windows)"", ""PlayStation 4"", ""Xbox One""]","[""Adventure"", ""Hack and slash/Beat 'em up"", ""Role-playing (RPG)""]","[""Action""]","[""Sega"", ""Ryu Ga Gotoku Studio""]",
191692,Street Fighter 6,https://www.igdb.com/g/43ws,8.011368798048204,Main Game,"[""Jun 02, 2023 (Worldwide [WW])"", ""Jun 02, 2023 (Worldwide [WW])"", ""Jun 02, 2023 (Worldwide [WW])"", ""Jun 02, 2023 (Worldwide [WW])""]","[""PlayStation 5"", ""Xbox Series X|S"", ""PC (Microsoft Windows)"", ""PlayStation 4""]","[""Arcade"", ""Fighting""]","[""Action"", ""Fantasy""]","[""Capcom"", ""Capcom Development Division 2""]",
31551,Final Fantasy XVI,https://www.igdb.com/g/ocf,8.27484375855211,Main Game,"[""Jun 22, 2023 (Worldwide [WW])"", ""Sep 17, 2024 (Worldwide [WW])"", ""Jun 08, 2025 (Worldwide [WW])""]","[""PlayStation 5"", ""Xbox Series X|S"", ""PC (Microsoft Windows)""]","[""Adventure"", ""Role-playing (RPG)""]","[""Action"", ""Fantasy""]","[""Square Enix Creative Business Unit I"", ""Flame Hearts"", ""Square Enix"", ""Square Enix Creative Business Unit III"", ""PlatinumGames"", ""Square Enix Creative Studio III""]",
124257,Killer Frequency,https://www.igdb.com/g/2nvl,7.383394994322944,Main Game,"[""TBD (Worldwide [WW])"", ""Jun 01, 2023 (Worldwide [WW])"", ""Jun 01, 2023 (Worldwide [WW])"", ""Jun 01, 2023 (Worldwide [WW])"", ""Jul 27, 2019 (Worldwide [WW])"", ""Jun 01, 2023 (Worldwide [WW])"", ""Jun 01, 2023 (Worldwide [WW])"", ""Jun 01, 2023 (Worldwide [WW])""]","[""Meta Quest 2"", ""PlayStation 5"", ""Xbox Series X|S"", ""PC (Microsoft Windows)"", ""Nintendo Switch"", ""PlayStation 4"", ""Xbox One""]","[""Adventure"", ""Indie"", ""Puzzle"", ""Simulator""]","[""Action"", ""Comedy"", ""Horror""]","[""Team17""]",
243385,The Murder of Sonic the Hedgehog,https://www.igdb.com/g/57sp,6.982905077648883,Main Game,"[""Mar 31, 2023 (Worldwide [WW])"", ""Mar 31, 2023 (Worldwide [WW])""]","[""Mac"", ""PC (Microsoft Windows)""]","[""Indie"", ""Point-and-click"", ""Simulator"", ""Visual Novel""]","[""Comedy"", ""Mystery""]","[""Sega""]",
217550,Fire Emblem Engage,https://www.igdb.com/g/4nv2,7.477579934699948,Main Game,"[""Jan 20, 2023 (Worldwide [WW])""]","[""Nintendo Switch""]","[""Adventure"", ""Role-playing (RPG)"", ""Strategy"", ""Tactical"", ""Turn-based strategy (TBS)""]","[""Fantasy""]","[""Nintendo"", ""Intelligent Systems""]",
115425,Darkest Dungeon II,https://www.igdb.com/g/2h29,8.562381637156538,Main Game,"[""Jul 15, 2024 (Worldwide [WW])"", ""Jul 15, 2024 (Worldwide [WW])"", ""Oct 26, 2021 (Worldwide [WW])"", ""May 08, 2023 (Worldwide [WW])"", ""Jul 15, 2024 (Worldwide [WW])"", ""Jul 15, 2024 (Worldwide [WW])"", ""Jul 15, 2024 (Worldwide [WW])"", ""Aug 23, 2024 (Worldwide [WW])""]","[""Mac"", ""PlayStation 5"", ""Xbox Series X|S"", ""PC (Microsoft Windows)"", ""Nintendo Switch"", ""PlayStation 4"", ""Xbox One""]","[""Adventure"", ""Indie"", ""Role-playing (RPG)"", ""Strategy"", ""Tactical"", ""Turn-based strategy (TBS)""]","[""Fantasy"", ""Historical"", ""Horror"", ""Mystery""]","[""Red Hook Studios""]",
204354,Aliens: Dark Descent,https://www.igdb.com/g/4doi,7.890076209705072,Main Game,"[""Jun 20, 2023 (Worldwide [WW])"", ""Jun 20, 2023 (Worldwide [WW])"", ""Jun 20, 2023 (Worldwide [WW])"", ""Jun 20, 2023 (Worldwide [WW])"", ""Jun 20, 2023 (Worldwide [WW])""]","[""PlayStation 5"", ""Xbox Series X|S"", ""PC (Microsoft Windows)"", ""PlayStation 4"", ""Xbox One""]","[""Adventure"", ""Strategy""]","[""Action"", ""Science fiction""]","[""Tindalos Interactive"", ""Focus Entertainment""]",
248358,Double Dragon Gaiden: Rise of the Dragons,https://www.igdb.com/g/5bmu,7.070723072786326,Main Game,"[""Jul 27, 2023 (Worldwide [WW])"", ""Jul 27, 2023 (Worldwide [WW])"", ""Jul 27, 2023 (Worldwide [WW])"", ""Jul 27, 2023 (Worldwide [WW])"", ""Jul 27, 2023 (North America [NA])"", ""Jul 27, 2023 (North America [NA])""]","[""PlayStation 5"", ""Xbox Series X|S"", ""PC (Microsoft Windows)"", ""Nintendo Switch"", ""PlayStation 4"", ""Xbox One""]","[""Adventure"", ""Arcade"", ""Fighting"", ""Hack and slash/Beat 'em up""]","[""Action"", ""Party""]","[""Secret Base"", ""Modus Games""]",
186309,Horizon Call of the Mountain,https://www.igdb.com/g/3zr9,7.723304557852911,Main Game,"[""Feb 22, 2023 (Worldwide [WW])""]","[""PlayStation VR2""]","[""Adventure""]","[""Action"", ""Science fiction""]","[""Guerrilla Games"", ""Firesprite Ltd"", ""Sony Interactive Entertainment""]",
154775,RoboCop: Rogue City,https://www.igdb.com/g/3bfb,7.341447225293036,Main Game,"[""Nov 02, 2023 (Worldwide [WW])"", ""Apr 30, 2025 (Worldwide [WW])"", ""Nov 02, 2023 (Worldwide [WW])"", ""Nov 02, 2023 (Worldwide [WW])""]","[""Mac"", ""PlayStation 5"", ""Xbox Series X|S"", ""PC (Microsoft Windows)""]","[""Adventure"", ""Role-playing (RPG)"", ""Shooter""]","[""Action"", ""Comedy"", ""Science fiction""]","[""Nacon"", ""Teyon""]",
266686,F'-Zero 99,https://www.igdb.com/g/5pry,7.023040173171518,Main Game,"[""Sep 14, 2023 (Worldwide [WW])""]","[""Nintendo Switch""]","[""Racing""]","[""Action"", ""Science fiction"", ""Survival""]","[""Nintendo"", ""Nintendo Software Technology""]",
125165,Diablo IV,https://www.igdb.com/g/2okt,7.686002898756563,Main Game,"[""Jun 06, 2023 (Worldwide [WW])"", ""Jun 06, 2023 (Worldwide [WW])"", ""Jun 02, 2023 (Worldwide [WW])"", ""Jun 06, 2023 (Worldwide [WW])"", ""Jun 02, 2023 (Worldwide [WW])"", ""Jun 06, 2023 (Worldwide [WW])"", ""Jun 02, 2023 (Worldwide [WW])"", ""Jun 06, 2023 (Worldwide [WW])"", ""Jun 02, 2023 (Worldwide [WW])"", ""Jun 02, 2023 (Worldwide [WW])""]","[""PlayStation 5"", ""Xbox Series X|S"", ""PC (Microsoft Windows)"", ""PlayStation 4"", ""Xbox One""]","[""Hack and slash/Beat 'em up"", ""Role-playing (RPG)""]","[""Action"", ""Fantasy"", ""Horror""]","[""Blizzard Entertainment""]",
178282,Honkai: Star Rail,https://www.igdb.com/g/3tka,7.543456582747507,Main Game,"[""Oct 11, 2023 (Worldwide [WW])"", ""Apr 26, 2023 (Worldwide [WW])"", ""Apr 26, 2023 (Worldwide [WW])"", ""Apr 26, 2023 (Worldwide [WW])""]","[""PlayStation 5"", ""PC (Microsoft Windows)"", ""Android"", ""iOS""]","[""Adventure"", ""Role-playing (RPG)"", ""Turn-based strategy (TBS)""]","[""Action"", ""Fantasy"", ""Science fiction""]","[""Cognosphere"", ""HoYoverse"", ""miHoYo""]",
225592,Akka Arrh,https://www.igdb.com/g/4u2g,,Main Game,"[""Nov 11, 2022 (Worldwide [WW])"", ""Nov 11, 2022 (Worldwide [WW])"", ""Nov 11, 2022 (Worldwide [WW])"", ""Nov 11, 2022 (Worldwide [WW])"", ""Feb 21, 2023 (Worldwide [WW])""]","[""PlayStation 5"", ""PC (Microsoft Windows)"", ""Nintendo Switch"", ""PlayStation 4"", ""Xbox One""]","[""Arcade"", ""Shooter""]","[""Action"", ""Science fiction""]","[""Atari, Inc.""]",
239392,Mortal Kombat 1,https://www.igdb.com/g/54ps,7.597823442420877,Main Game,"[""Sep 19, 2023 (Worldwide [WW])"", ""Sep 19, 2023 (Worldwide [WW])"", ""Sep 14, 2023 (Worldwide [WW])"", ""Sep 14, 2023 (Worldwide [WW])"", ""Sep 14, 2023 (Worldwide [WW])"", ""Sep 19, 2023 (Worldwide [WW])""]","[""PlayStation 5"", ""Xbox Series X|S"", ""PC (Microsoft Windows)""]","[""Adventure"", ""Fighting""]","[""Action"", ""Fantasy""]","[""WB Games"", ""NetherRealm Studios"", ""Shiver Entertainment""]",
214417,The Finals,https://www.igdb.com/g/4lg1,7.424163988269531,Main Game,"[""Oct 26, 2023 (Worldwide [WW])"", ""Dec 12, 2024 (Worldwide [WW])"", ""Dec 07, 2023 (Worldwide [WW])"", ""Dec 07, 2023 (Worldwide [WW])"", ""Oct 26, 2023 (Worldwide [WW])"", ""Mar 18, 2026 (Worldwide [WW])"", ""Mar 07, 2023 (Worldwide [WW])"", ""Jun 14, 2023 (Worldwide [WW])"", ""Oct 26, 2023 (Worldwide [WW])"", ""Dec 07, 2023 (Worldwide [WW])""]","[""PlayStation 5"", ""Xbox Series X|S"", ""PC (Microsoft Windows)"", ""PlayStation 4""]","[""Shooter""]","[""Action""]","[""Embark Studios"", ""Nexon""]",
241149,Wargroove 2,https://www.igdb.com/g/562l,,Main Game,"[""Oct 05, 2023 (Worldwide [WW])"", ""Oct 05, 2023 (Worldwide [WW])"", ""Sep 19, 2024 (Worldwide [WW])"", ""Sep 19, 2024 (North America [NA])"", ""Jul 30, 2025 (Worldwide [WW])"", ""Jul 30, 2025 (Worldwide [WW])""]","[""Xbox Series X|S"", ""PC (Microsoft Windows)"", ""Android"", ""Nintendo Switch"", ""Xbox One"", ""iOS""]","[""Indie"", ""Role-playing (RPG)"", ""Strategy"", ""Turn-based strategy (TBS)""]","[""Fantasy"", ""Warfare""]","[""Chucklefish Games"", ""Robotality""]",
185239,The Expanse: A Telltale Series,https://www.igdb.com/g/3yxj,7.4290767350599705,Main Game,"[""Jul 27, 2023 (Worldwide [WW])"", ""Jul 27, 2023 (Worldwide [WW])"", ""Jul 27, 2023 (Worldwide [WW])"", ""Jul 27, 2023 (Worldwide [WW])"", ""Jul 27, 2023 (Worldwide [WW])"", ""Jul 27, 2023 (North America [NA])"", ""Jul 27, 2023 (North America [NA])""]","[""PlayStation 5"", ""Xbox Series X|S"", ""PC (Microsoft Windows)"", ""PlayStation 4"", ""Xbox One""]","[""Adventure"", ""Role-playing (RPG)""]","[""Action"", ""Mystery"", ""Science fiction""]","[""Telltale Games"", ""Deck Nine""]",
145232,EA Sports PGA Tour,https://www.igdb.com/g/3428,,Main Game,"[""Apr 07, 2023 (Worldwide [WW])"", ""Apr 07, 2023 (Worldwide [WW])"", ""Apr 07, 2023 (Worldwide [WW])""]","[""PlayStation 5"", ""Xbox Series X|S"", ""PC (Microsoft Windows)""]","[""Role-playing (RPG)"", ""Simulator"", ""Sport""]","[""Kids""]","[""EA Orlando"", ""Electronic Arts""]",
240902,Cities: Skylines II,https://www.igdb.com/g/55vq,6.609494083078279,Main Game,"[""Oct 24, 2023 (Worldwide [WW])"", ""TBD (Worldwide [WW])"", ""TBD (Worldwide [WW])""]","[""PlayStation 5"", ""Xbox Series X|S"", ""PC (Microsoft Windows)""]","[""Simulator"", ""Strategy""]","[""Sandbox""]","[""Paradox Interactive"", ""Colossal Order"", ""Iceflake Studios""]",
173091,Wanted: Dead,https://www.igdb.com/g/3pk3,5.013945704192767,Main Game,"[""Feb 14, 2023 (Worldwide [WW])"", ""Feb 14, 2023 (Worldwide [WW])"", ""Feb 14, 2023 (Worldwide [WW])"", ""Feb 14, 2023 (Worldwide [WW])"", ""Feb 14, 2023 (Worldwide [WW])""]","[""PlayStation 5"", ""Xbox Series X|S"", ""PC (Microsoft Windows)"", ""PlayStation 4"", ""Xbox One""]","[""Adventure"", ""Hack and slash/Beat 'em up"", ""Shooter""]","[""Action"", ""Science fiction""]","[""110 Industries"", ""Soleil""]",
252478,Sonic Superstars,https://www.igdb.com/g/5eta,7.038872247275493,Main Game,"[""Oct 17, 2023 (Worldwide [WW])"", ""Oct 17, 2023 (Worldwide [WW])"", ""Oct 17, 2023 (Worldwide [WW])"", ""Oct 17, 2023 (Worldwide [WW])"", ""Oct 17, 2023 (Worldwide [WW])"", ""Oct 17, 2023 (Worldwide [WW])""]","[""PlayStation 5"", ""Xbox Series X|S"", ""PC (Microsoft Windows)"", ""Nintendo Switch"", ""PlayStation 4"", ""Xbox One""]","[""Platform""]","[""Action"", ""Kids"", ""Party"", ""Science fiction""]","[""Sonic Team"", ""Arzest"", ""Sega""]",
185238,The Texas Chain Saw Massacre,https://www.igdb.com/g/3yxi,7.551445645318176,Main Game,"[""Aug 18, 2023 (Worldwide [WW])"", ""Aug 18, 2023 (Worldwide [WW])"", ""Aug 18, 2023 (Worldwide [WW])"", ""Aug 18, 2023 (Worldwide [WW])"", ""Aug 18, 2023 (Worldwide [WW])""]","[""PlayStation 5"", ""Xbox Series X|S"", ""PC (Microsoft Windows)"", ""PlayStation 4"", ""Xbox One""]","[""Indie""]","[""Action"", ""Horror"", ""Survival""]","[""Sumo Nottingham"", ""Gun Interactive""]",
194837,One Piece Odyssey,https://www.igdb.com/g/46c5,8.36945885003158,Main Game,"[""Jan 12, 2023 (Worldwide [WW])"", ""Jan 12, 2023 (Worldwide [WW])"", ""Jan 12, 2023 (Worldwide [WW])"", ""Jan 12, 2023 (Worldwide [WW])""]","[""PlayStation 5"", ""Xbox Series X|S"", ""PC (Microsoft Windows)"", ""PlayStation 4""]","[""Adventure"", ""Role-playing (RPG)""]","[""Action"", ""Comedy"", ""Fantasy"", ""Mystery"", ""Open world""]","[""ILCA"", ""Bandai Namco Entertainment""]",
96437,Starfield,https://www.igdb.com/g/22et,7.05707121609306,Main Game,"[""Sep 01, 2023 (Worldwide [WW])"", ""Sep 01, 2023 (Worldwide [WW])"", ""Sep 06, 2023 (Worldwide [WW])"", ""Sep 06, 2023 (Worldwide [WW])"", ""Apr 07, 2026 (Worldwide [WW])""]","[""PlayStation 5"", ""Xbox Series X|S"", ""PC (Microsoft Windows)""]","[""Adventure"", ""Role-playing (RPG)"", ""Shooter""]","[""Action"", ""Open world"", ""Sandbox"", ""Science fiction""]","[""Bethesda Game Studios"", ""Bethesda Softworks"", ""id Software""]",
138137,Blood Bowl III,https://www.igdb.com/g/2yl5,5.13577923897639,Main Game,"[""Feb 23, 2023 (Worldwide [WW])"", ""Feb 23, 2023 (Worldwide [WW])"", ""Feb 23, 2023 (Worldwide [WW])"", ""Feb 23, 2023 (Worldwide [WW])"", ""TBD (Worldwide [WW])"", ""Feb 23, 2023 (Worldwide [WW])""]","[""PlayStation 5"", ""Xbox Series X|S"", ""PC (Microsoft Windows)"", ""Nintendo Switch"", ""PlayStation 4"", ""Xbox One""]","[""Card & Board Game"", ""Role-playing (RPG)"", ""Sport"", ""Strategy"", ""Turn-based strategy (TBS)""]","[""Fantasy""]","[""Cyanide Studio"", ""Nacon""]",
228541,Crime Boss: Rockay City,https://www.igdb.com/g/4wcd,6.6006067906422565,Main Game,"[""Mar 28, 2023 (Worldwide [WW])"", ""Jun 15, 2023 (Worldwide [WW])"", ""Jun 15, 2023 (Worldwide [WW])""]","[""PlayStation 5"", ""Xbox Series X|S"", ""PC (Microsoft Windows)""]","[""Shooter""]","[""Action""]","[""505 Games"", ""INGAME STUDIOS""]",
196995,Greyhill Incident,https://www.igdb.com/g/4803,,Main Game,"[""Jun 09, 2023 (Worldwide [WW])"", ""Jun 09, 2023 (Worldwide [WW])"", ""Jun 09, 2023 (Worldwide [WW])"", ""Jul 21, 2023 (North America [NA])"", ""Jul 21, 2023 (North America [NA])""]","[""PlayStation 5"", ""Xbox Series X|S"", ""PC (Microsoft Windows)"", ""PlayStation 4"", ""Xbox One""]","[""Adventure"", ""Indie"", ""Shooter""]","[""Action"", ""Horror"", ""Survival""]","[""Perp Games"", ""Refugium Games""]",
191411,Xenoblade Chronicles 3,https://www.igdb.com/g/43oz,8.502558130841953,Main Game,"[""Jul 29, 2022 (Worldwide [WW])""]","[""Nintendo Switch""]","[""Adventure"", ""Role-playing (RPG)""]","[""Action"", ""Fantasy"", ""Open world"", ""Science fiction""]","[""Monolith Soft"", ""Nintendo"", ""Zereo""]",
103244,Signalis,https://www.igdb.com/g/27nw,8.086343485621772,Main Game,"[""Oct 27, 2022 (Worldwide [WW])"", ""Oct 27, 2022 (Worldwide [WW])"", ""Oct 27, 2022 (Worldwide [WW])"", ""Oct 27, 2022 (Worldwide [WW])""]","[""PC (Microsoft Windows)"", ""Nintendo Switch"", ""PlayStation 4"", ""Xbox One""]","[""Adventure"", ""Indie""]","[""Action"", ""Horror"", ""Mystery"", ""Science fiction"", ""Survival""]","[""rose-engine"", ""PLAYISM"", ""Balor Games""]",
117271,Chained Echoes,https://www.igdb.com/g/2ihj,8.298749327467005,Main Game,"[""Dec 08, 2022 (Worldwide [WW])"", ""Dec 08, 2022 (Worldwide [WW])"", ""Dec 08, 2022 (Worldwide [WW])"", ""Dec 08, 2022 (Worldwide [WW])"", ""Dec 08, 2022 (Worldwide [WW])"", ""Dec 08, 2022 (Worldwide [WW])""]","[""Mac"", ""PC (Microsoft Windows)"", ""Nintendo Switch"", ""PlayStation 4"", ""Xbox One"", ""Linux""]","[""Adventure"", ""Indie"", ""Role-playing (RPG)"", ""Strategy""]","[""Action"", ""Fantasy""]","[""Deck13 Spotlight"", ""Matthias Linda"", ""WhisperGames""]",
143610,Triangle Strategy,https://www.igdb.com/g/32t6,8.773235532157907,Main Game,"[""Mar 04, 2022 (Worldwide [WW])"", ""Oct 13, 2022 (Worldwide [WW])"", ""Aug 20, 2025 (Worldwide [WW])"", ""Aug 20, 2025 (Worldwide [WW])""]","[""PlayStation 5"", ""Xbox Series X|S"", ""PC (Microsoft Windows)"", ""Nintendo Switch""]","[""Role-playing (RPG)"", ""Strategy"", ""Tactical"", ""Turn-based strategy (TBS)""]","[""Fantasy""]","[""Artdink"", ""Square Enix"", ""Team Asano"", ""Square Enix Creative Business Unit II""]",
101006,Gran Turismo 7,https://www.igdb.com/g/25xq,8.080449010272364,Main Game,"[""Mar 04, 2022 (Worldwide [WW])"", ""Mar 04, 2022 (Worldwide [WW])"", ""Feb 21, 2023 (Worldwide [WW])""]","[""PlayStation VR2"", ""PlayStation 5"", ""PlayStation 4""]","[""Racing"", ""Simulator"", ""Sport""]","[""Non-fiction""]","[""PlayStation Studios"", ""Polyphony Digital"", ""Sony Interactive Entertainment""]",
143613,Splatoon 3,https://www.igdb.com/g/32t9,8.208710681875052,Main Game,"[""Oct 25, 2022 (Brazil [BR])"", ""Sep 09, 2022 (Worldwide [WW])"", ""Jun 12, 2025 (Worldwide [WW])""]","[""Nintendo Switch 2"", ""Nintendo Switch""]","[""Platform"", ""Shooter""]","[""Action"", ""Comedy"", ""Science fiction""]","[""Nintendo"", ""Nintendo EPD Production Group No. 5"", ""Bandai Namco Studios Singapore""]",
195517,Return to Monkey Island,https://www.igdb.com/g/46v1,8.047938701815657,Main Game,"[""Sep 19, 2022 (Worldwide [WW])"", ""Sep 19, 2022 (Worldwide [WW])"", ""Sep 19, 2022 (Worldwide [WW])"", ""Nov 08, 2022 (Worldwide [WW])"", ""Nov 08, 2022 (Worldwide [WW])"", ""Jul 27, 2023 (Worldwide [WW])"", ""Jul 27, 2023 (Worldwide [WW])"", ""Sep 19, 2022 (Worldwide [WW])""]","[""Mac"", ""PlayStation 5"", ""Xbox Series X|S"", ""PC (Microsoft Windows)"", ""Android"", ""Nintendo Switch"", ""iOS"", ""Linux""]","[""Adventure"", ""Point-and-click"", ""Puzzle""]","[""Action"", ""Comedy"", ""Fantasy""]","[""Terrible Toybox"", ""Devolver Digital""]",
152321,River City Girls 2,https://www.igdb.com/g/39j5,7.198441448822399,Main Game,"[""Dec 15, 2022 (Worldwide [WW])"", ""Dec 15, 2022 (Worldwide [WW])"", ""Dec 15, 2022 (Worldwide [WW])"", ""Dec 15, 2022 (Worldwide [WW])"", ""Dec 15, 2022 (Worldwide [WW])"", ""Dec 15, 2022 (Worldwide [WW])"", ""TBD ()"", ""Nov 02, 2024 ()""]","[""PlayStation 5"", ""Xbox Series X|S"", ""PC (Microsoft Windows)"", ""Android"", ""Nintendo Switch"", ""PlayStation 4"", ""Xbox One"", ""iOS""]","[""Adventure"", ""Arcade"", ""Fighting"", ""Hack and slash/Beat 'em up"", ""Indie"", ""Role-playing (RPG)""]","[""Action""]","[""Limited Run Games"", ""Arc System Works"", ""WayForward""]",
112874,Horizon Forbidden West,https://www.igdb.com/g/2f3e,8.541777210406892,Main Game,"[""Mar 21, 2024 (Worldwide [WW])"", ""Feb 18, 2022 (Worldwide [WW])"", ""Feb 18, 2022 (Worldwide [WW])""]","[""PlayStation 5"", ""PC (Microsoft Windows)"", ""PlayStation 4""]","[""Adventure"", ""Role-playing (RPG)""]","[""Action"", ""Open world"", ""Science fiction""]","[""Guerrilla Games"", ""Sony Interactive Entertainment"", ""Nixxes Software""]",
186725,Vampire Survivors,https://www.igdb.com/g/402t,8.099393840152391,Main Game,"[""Aug 17, 2023 (Worldwide [WW])"", ""Oct 20, 2022 (Worldwide [WW])"", ""Jul 01, 2023 (Worldwide [WW])"", ""Aug 29, 2024 (Worldwide [WW])"", ""Aug 29, 2024 (Worldwide [WW])"", ""Dec 17, 2021 (Worldwide [WW])"", ""Feb 01, 2022 (Worldwide [WW])"", ""Dec 08, 2022 (Worldwide [WW])"", ""Dec 08, 2022 (Worldwide [WW])"", ""Nov 10, 2022 (Worldwide [WW])"", ""Nov 10, 2022 (Worldwide [WW])""]","[""Mac"", ""PlayStation 5"", ""Xbox Series X|S"", ""PC (Microsoft Windows)"", ""Android"", ""Nintendo Switch"", ""PlayStation 4"", ""Xbox One"", ""iOS"", ""Linux""]","[""Adventure"", ""Arcade"", ""Indie"", ""Role-playing (RPG)""]","[""Action"", ""Fantasy"", ""Survival""]","[""Poncle""]",
113104,The King of Fighters XV,https://www.igdb.com/g/2f9s,8.072395977498251,Main Game,"[""Feb 17, 2022 (Worldwide [WW])"", ""Feb 16, 2022 (Worldwide [WW])"", ""Feb 17, 2022 (Worldwide [WW])"", ""Feb 17, 2022 (Worldwide [WW])""]","[""PlayStation 5"", ""Xbox Series X|S"", ""PC (Microsoft Windows)"", ""PlayStation 4""]","[""Fighting""]","[""Action""]","[""Code Mystics"", ""Komi Games"", ""SNK"", ""Koch Media"", ""Prime Matter""]",
152201,Mario '+ Rabbids Sparks of Hope,https://www.igdb.com/g/39ft,8.058666260388472,Main Game,"[""Oct 20, 2022 (Europe [EU])"", ""Dec 02, 2022 (Japan [JP])"", ""Oct 20, 2022 (North America [NA])""]","[""Nintendo Switch""]","[""Adventure"", ""Strategy"", ""Tactical"", ""Turn-based strategy (TBS)""]","[""Action"", ""Comedy"", ""Science fiction""]","[""Ubisoft Entertainment"", ""Ubisoft Paris"", ""Ubisoft Milan""]",
150010,Sonic Frontiers,https://www.igdb.com/g/37qy,7.300005121556288,Main Game,"[""Nov 07, 2022 (Worldwide [WW])"", ""Nov 08, 2022 (Worldwide [WW])"", ""Nov 08, 2022 (Worldwide [WW])"", ""Nov 08, 2022 (Worldwide [WW])"", ""Nov 08, 2022 (Worldwide [WW])"", ""Nov 08, 2022 (Worldwide [WW])""]","[""PlayStation 5"", ""Xbox Series X|S"", ""PC (Microsoft Windows)"", ""Nintendo Switch"", ""PlayStation 4"", ""Xbox One""]","[""Adventure"", ""Platform""]","[""Action"", ""Open world"", ""Science fiction""]","[""Sonic Team"", ""Sega""]",
150512,Two Point Campus,https://www.igdb.com/g/384w,6.9747551784373485,Main Game,"[""Aug 09, 2022 (Worldwide [WW])"", ""Aug 09, 2022 (Worldwide [WW])"", ""Aug 09, 2022 (Worldwide [WW])"", ""Aug 09, 2022 (Worldwide [WW])"", ""Aug 09, 2022 (Worldwide [WW])"", ""Aug 09, 2022 (Worldwide [WW])"", ""Aug 09, 2022 (Worldwide [WW])"", ""Aug 09, 2022 (Worldwide [WW])""]","[""Mac"", ""PlayStation 5"", ""Xbox Series X|S"", ""PC (Microsoft Windows)"", ""Nintendo Switch"", ""PlayStation 4"", ""Xbox One"", ""Linux""]","[""Indie"", ""Simulator"", ""Strategy""]","[""Action"", ""Business"", ""Comedy"", ""Sandbox""]","[""Sega"", ""Two Point Studios""]",
202279,Marvel Snap,https://www.igdb.com/g/4c2v,7.417423793133538,Main Game,"[""Oct 18, 2022 (Worldwide [WW])"", ""Aug 22, 2023 (Worldwide [WW])"", ""Oct 18, 2022 (Worldwide [WW])"", ""Oct 18, 2022 (Worldwide [WW])""]","[""PC (Microsoft Windows)"", ""Android"", ""iOS""]","[""Card & Board Game"", ""Strategy""]","[""Fantasy"", ""Science fiction""]","[""Second Dinner""]",
178298,Star Ocean: The Divine Force,https://www.igdb.com/g/3tkq,7.9519004587185655,Main Game,"[""Oct 27, 2022 (Worldwide [WW])"", ""Oct 27, 2022 (Worldwide [WW])"", ""Oct 27, 2022 (Worldwide [WW])"", ""Oct 27, 2022 (Worldwide [WW])"", ""Oct 27, 2022 (Worldwide [WW])""]","[""PlayStation 5"", ""Xbox Series X|S"", ""PC (Microsoft Windows)"", ""PlayStation 4"", ""Xbox One""]","[""Adventure"", ""Role-playing (RPG)""]","[""Action"", ""Fantasy"", ""Science fiction""]","[""tri-Ace"", ""Square Enix"", ""Square Enix Creative Business Unit I""]",
122097,Shovel Knight Dig,https://www.igdb.com/g/2m7l,7.6763583240406446,Main Game,"[""Sep 23, 2022 (Worldwide [WW])"", ""Sep 23, 2022 (Worldwide [WW])"", ""May 15, 2025 (Worldwide [WW])"", ""May 15, 2025 (Worldwide [WW])"", ""Sep 23, 2022 (Worldwide [WW])"", ""Sep 23, 2022 (Worldwide [WW])""]","[""Mac"", ""PlayStation 5"", ""Xbox Series X|S"", ""PC (Microsoft Windows)"", ""Nintendo Switch"", ""iOS""]","[""Adventure"", ""Indie"", ""Platform"", ""Strategy""]","[""Action"", ""Fantasy""]","[""Yacht Club Games"", ""Nitrome""]",
191931,Pokémon Scarlet,https://www.igdb.com/g/443f,7.22808369862904,Main Game,"[""Nov 18, 2022 (Worldwide [WW])"", ""Jun 05, 2025 (Worldwide [WW])""]","[""Nintendo Switch 2"", ""Nintendo Switch""]","[""Adventure"", ""Role-playing (RPG)"", ""Turn-based strategy (TBS)""]","[""Action"", ""Fantasy"", ""Kids"", ""Open world""]","[""Nintendo"", ""Game Freak"", ""Flame Hearts"", ""Digital Works Entertainment""]",
144054,Pokémon Legends: Arceus,https://www.igdb.com/g/335i,7.696916121975002,Main Game,"[""Oct 25, 2022 (Brazil [BR])"", ""Jan 28, 2022 (Worldwide [WW])""]","[""Nintendo Switch""]","[""Adventure"", ""Role-playing (RPG)"", ""Turn-based strategy (TBS)""]","[""Action"", ""Fantasy"", ""Open world""]","[""Nintendo"", ""Game Freak"", ""Creatures Inc."", ""The Pokémon Company""]",
288327,Pokémon Legends: Z'-A,https://www.igdb.com/g/66h3,7.196668107748119,Main Game,"[""Oct 16, 2025 (Worldwide [WW])"", ""Oct 16, 2025 (Worldwide [WW])""]","[""Nintendo Switch 2"", ""Nintendo Switch""]","[""Adventure"", ""Role-playing (RPG)""]","[""Action"", ""Open world""]","[""Game Freak"", ""Nintendo""]",
194209,The DioField Chronicle,https://www.igdb.com/g/45up,,Main Game,"[""Sep 22, 2022 (Worldwide [WW])"", ""Sep 22, 2022 (Worldwide [WW])"", ""Sep 22, 2022 (Worldwide [WW])"", ""Sep 22, 2022 (Worldwide [WW])"", ""Sep 22, 2022 (Worldwide [WW])"", ""Jan 01, 2023 (North America [NA])"", ""Jan 01, 2023 (North America [NA])"", ""Sep 22, 2022 (Worldwide [WW])""]","[""PlayStation 5"", ""Xbox Series X|S"", ""PC (Microsoft Windows)"", ""Nintendo Switch"", ""PlayStation 4"", ""Xbox One""]","[""Role-playing (RPG)"", ""Simulator"", ""Strategy"", ""Turn-based strategy (TBS)""]","[""Fantasy""]","[""Square Enix"", ""Lancarse"", ""Square Enix Creative Business Unit II""]",
152061,Tiny Tina's Wonderlands,https://www.igdb.com/g/39bx,7.131783462088444,Main Game,"[""Mar 25, 2022 (Worldwide [WW])"", ""Mar 25, 2022 (Worldwide [WW])"", ""Mar 25, 2022 (Worldwide [WW])"", ""Mar 25, 2022 (Worldwide [WW])"", ""Mar 25, 2022 (Worldwide [WW])""]","[""PlayStation 5"", ""Xbox Series X|S"", ""PC (Microsoft Windows)"", ""PlayStation 4"", ""Xbox One""]","[""Adventure"", ""Role-playing (RPG)"", ""Shooter""]","[""Action"", ""Fantasy""]","[""Gearbox Software"", ""2K Games""]",
176071,Mothmen 1966,https://www.igdb.com/g/3ruv,6.28,Main Game,"[""Jul 14, 2022 (Worldwide [WW])"", ""Jul 14, 2022 (Worldwide [WW])"", ""Jul 14, 2022 (Worldwide [WW])"", ""Jul 14, 2022 (Worldwide [WW])"", ""Apr 28, 2023 (Worldwide [WW])"", ""Apr 28, 2023 (Worldwide [WW])""]","[""PlayStation 5"", ""Xbox Series X|S"", ""PC (Microsoft Windows)"", ""Nintendo Switch"", ""PlayStation 4"", ""Xbox One""]","[""Adventure"", ""Indie"", ""Puzzle"", ""Visual Novel""]","[""Historical"", ""Mystery"", ""Romance"", ""Thriller""]","[""LCB Game Studio"", ""Chorus Worldwide""]",
145319,Arcade Paradise,https://www.igdb.com/g/344n,6.970904998932032,Main Game,"[""Aug 11, 2022 (Worldwide [WW])"", ""TBD ()"", ""Aug 11, 2022 (Worldwide [WW])"", ""Aug 11, 2022 (Worldwide [WW])"", ""Aug 11, 2022 (Worldwide [WW])"", ""Aug 11, 2022 (Worldwide [WW])"", ""Aug 11, 2022 (Worldwide [WW])""]","[""PlayStation 5"", ""Xbox Series X|S"", ""PC (Microsoft Windows)"", ""Nintendo Switch"", ""PlayStation 4"", ""Google Stadia"", ""Xbox One""]","[""Adventure"", ""Arcade"", ""Indie"", ""Puzzle"", ""Simulator"", ""Strategy""]","[""Action"", ""Business""]","[""Nosebleed Interactive"", ""Wired Productions""]",
219442,Need for Speed: Unbound,https://www.igdb.com/g/4pbm,7.148858025313399,Main Game,"[""Dec 02, 2022 (Worldwide [WW])"", ""Nov 29, 2022 (Worldwide [WW])"", ""Nov 29, 2022 (Worldwide [WW])""]","[""PlayStation 5"", ""Xbox Series X|S"", ""PC (Microsoft Windows)""]","[""Racing""]","[""Action""]","[""Electronic Arts"", ""Criterion Games""]",
178361,The Dark Pictures Anthology: The Devil in Me,https://www.igdb.com/g/3tmh,6.893952721683024,Main Game,"[""Nov 18, 2022 (Worldwide [WW])"", ""Nov 18, 2022 (Worldwide [WW])"", ""Nov 18, 2022 (Worldwide [WW])"", ""Nov 18, 2022 (Worldwide [WW])"", ""Nov 18, 2022 (Worldwide [WW])""]","[""PlayStation 5"", ""Xbox Series X|S"", ""PC (Microsoft Windows)"", ""PlayStation 4"", ""Xbox One""]","[""Adventure""]","[""Horror"", ""Survival"", ""Thriller""]","[""Supermassive Games"", ""Bandai Namco Entertainment""]",
135670,Steelrising,https://www.igdb.com/g/2wom,6.859134645593544,Main Game,"[""Sep 08, 2022 (Worldwide [WW])"", ""Sep 08, 2022 (Worldwide [WW])"", ""Sep 08, 2022 (Worldwide [WW])""]","[""PlayStation 5"", ""Xbox Series X|S"", ""PC (Microsoft Windows)""]","[""Adventure"", ""Hack and slash/Beat 'em up"", ""Role-playing (RPG)""]","[""Action"", ""Fantasy"", ""Historical""]","[""Spiders"", ""Nacon""]",
141544,Evil Dead: The Game,https://www.igdb.com/g/317s,5.763006073035103,Main Game,"[""May 13, 2022 (North America [NA])"", ""May 13, 2022 (North America [NA])"", ""May 13, 2022 (Worldwide [WW])"", ""May 13, 2022 (Worldwide [WW])"", ""May 13, 2022 (North America [NA])"", ""May 13, 2022 ()""]","[""PlayStation 5"", ""Xbox Series X|S"", ""PC (Microsoft Windows)"", ""Nintendo Switch"", ""PlayStation 4"", ""Xbox One""]","[""Shooter""]","[""Action"", ""Comedy"", ""Horror"", ""Survival""]","[""Boss Team Games"", ""Saber Interactive""]",
214139,New Tales from the Borderlands,https://www.igdb.com/g/4l8b,6.4017454193342,Main Game,"[""Oct 21, 2022 (Worldwide [WW])"", ""Oct 20, 2022 (Worldwide [WW])"", ""Oct 21, 2022 (Worldwide [WW])"", ""Oct 21, 2022 (Worldwide [WW])"", ""Oct 21, 2022 (Worldwide [WW])"", ""Oct 21, 2022 (Worldwide [WW])""]","[""PlayStation 5"", ""Xbox Series X|S"", ""PC (Microsoft Windows)"", ""Nintendo Switch"", ""PlayStation 4"", ""Xbox One""]","[""Adventure""]","[""Action""]","[""2K"", ""Gearbox Software""]",
165346,Saints Row,https://www.igdb.com/g/3jky,5.618268862873956,Main Game,"[""Aug 23, 2022 (Worldwide [WW])"", ""Aug 23, 2022 (Worldwide [WW])"", ""Aug 23, 2022 (Worldwide [WW])"", ""Aug 23, 2022 (Worldwide [WW])"", ""Aug 23, 2022 (Worldwide [WW])"", ""Aug 23, 2022 (Worldwide [WW])""]","[""PlayStation 5"", ""Xbox Series X|S"", ""PC (Microsoft Windows)"", ""PlayStation 4"", ""Google Stadia"", ""Xbox One""]","[""Adventure"", ""Shooter""]","[""Action"", ""Comedy"", ""Open world""]","[""Deep Silver"", ""Volition""]",
111651,Diablo Immortal,https://www.igdb.com/g/2e5f,3.9728008328932503,Main Game,"[""Jun 30, 2022 (Worldwide [WW])"", ""Jun 02, 2022 (Worldwide [WW])"", ""Jun 02, 2022 (Worldwide [WW])""]","[""PC (Microsoft Windows)"", ""Android"", ""iOS""]","[""Role-playing (RPG)""]","[""Action"", ""Fantasy"", ""Open world""]","[""Blizzard Entertainment"", ""NetEase Games""]",
146851,Lost Judgment,https://www.igdb.com/g/35b7,8.65706630280445,Main Game,"[""Sep 14, 2022 (Worldwide [WW])"", ""Sep 24, 2021 (Worldwide [WW])"", ""Sep 24, 2021 (Worldwide [WW])"", ""Sep 24, 2021 (Worldwide [WW])"", ""Sep 24, 2021 (Worldwide [WW])""]","[""PlayStation 5"", ""Xbox Series X|S"", ""PC (Microsoft Windows)"", ""PlayStation 4"", ""Xbox One""]","[""Adventure"", ""Hack and slash/Beat 'em up"", ""Role-playing (RPG)""]","[""Action"", ""Drama"", ""Mystery"", ""Open world""]","[""Sega"", ""Ryu Ga Gotoku Studio""]",
15698,Metroid Dread,https://www.igdb.com/g/c42,8.473374854039207,Main Game,"[""Oct 08, 2021 (Worldwide [WW])"", ""Oct 07, 2021 (Europe [EU])""]","[""Nintendo Switch""]","[""Adventure"", ""Platform"", ""Shooter""]","[""Action"", ""Science fiction""]","[""Nintendo Entertainment Planning & Development"", ""Nintendo"", ""MercurySteam"", ""Nintendo EPD Production Group No. 7""]",
55163,Resident Evil Village,https://www.igdb.com/g/16kb,8.380638063038237,Main Game,"[""May 07, 2021 (Worldwide [WW])"", ""May 07, 2021 (Worldwide [WW])"", ""Oct 28, 2022 (Worldwide [WW])"", ""May 07, 2021 (Worldwide [WW])"", ""May 07, 2021 (Worldwide [WW])"", ""May 07, 2021 (Worldwide [WW])"", ""Oct 30, 2023 (Worldwide [WW])"", ""May 06, 2021 (Worldwide [WW])"", ""Feb 27, 2026 (Worldwide [WW])""]","[""Mac"", ""PlayStation 5"", ""Xbox Series X|S"", ""Nintendo Switch 2"", ""PC (Microsoft Windows)"", ""PlayStation 4"", ""Google Stadia"", ""Xbox One"", ""iOS""]","[""Adventure"", ""Shooter""]","[""Action"", ""Horror"", ""Stealth"", ""Survival""]","[""Capcom Development Division 1"", ""K2"", ""Capcom""]",
134584,Returnal,https://www.igdb.com/g/2vug,8.30335742018064,Main Game,"[""Feb 15, 2023 (Worldwide [WW])"", ""Apr 30, 2021 (Worldwide [WW])""]","[""PlayStation 5"", ""PC (Microsoft Windows)""]","[""Shooter""]","[""Action"", ""Horror"", ""Science fiction""]","[""Sony Interactive Entertainment"", ""Housemarque""]",
180960,Kid A Mnesia Exhibition,https://www.igdb.com/g/3vmo,8.176627314517914,Main Game,"[""Nov 18, 2021 (Worldwide [WW])"", ""Nov 18, 2021 (Worldwide [WW])"", ""Nov 18, 2021 (Worldwide [WW])""]","[""Mac"", ""PlayStation 5"", ""PC (Microsoft Windows)""]","[""Adventure"", ""Music""]","[""Open world""]","[""Arbitrarily Good Productions"", ""[namethemachine]"", ""Epic Games Publishing""]",
138950,Monster Hunter Rise,https://www.igdb.com/g/2z7q,8.037733623922746,Main Game,"[""Jan 12, 2022 (Worldwide [WW])"", ""Mar 26, 2021 (Worldwide [WW])"", ""Jan 20, 2023 (Worldwide [WW])"", ""Jan 20, 2023 (Worldwide [WW])"", ""Jan 20, 2023 (Worldwide [WW])"", ""Jan 20, 2023 (Worldwide [WW])""]","[""PlayStation 5"", ""Xbox Series X|S"", ""PC (Microsoft Windows)"", ""Nintendo Switch"", ""PlayStation 4"", ""Xbox One""]","[""Adventure"", ""Hack and slash/Beat 'em up"", ""Role-playing (RPG)""]","[""Action"", ""Fantasy"", ""Survival""]","[""Capcom"", ""Capcom Development Division 2""]",
119387,No More Heroes III,https://www.igdb.com/g/2k4b,7.372464528130732,Main Game,"[""Aug 27, 2021 (Worldwide [WW])"", ""Oct 11, 2022 (Worldwide [WW])"", ""Oct 14, 2022 (Worldwide [WW])"", ""Oct 14, 2022 (Worldwide [WW])"", ""Oct 14, 2022 (Worldwide [WW])"", ""Oct 11, 2022 (North America [NA])"", ""Oct 14, 2022 (Worldwide [WW])"", ""Oct 11, 2022 (North America [NA])""]","[""PlayStation 5"", ""Xbox Series X|S"", ""PC (Microsoft Windows)"", ""Nintendo Switch"", ""PlayStation 4"", ""Xbox One""]","[""Adventure"", ""Hack and slash/Beat 'em up""]","[""Action"", ""Comedy"", ""Open world"", ""Science fiction""]","[""Grasshopper Manufacture"", ""BEE TRIBE CO., LTD"", ""Marvelous Inc."", ""Marvelous USA, Inc."", ""XSEED Games""]",
26775,Shin Megami Tensei V,https://www.igdb.com/g/knr,8.638785705154488,Main Game,"[""Nov 12, 2021 (North America [NA])"", ""Nov 12, 2021 (Europe [EU])""]","[""Nintendo Switch""]","[""Adventure"", ""Role-playing (RPG)""]","[""Fantasy""]","[""Sega"", ""Atlus""]",
141545,Ghosts 'n Goblins Resurrection,https://www.igdb.com/g/317t,7.991563227333694,Main Game,"[""Jun 01, 2021 (Worldwide [WW])"", ""Feb 24, 2021 (Europe [EU])"", ""Feb 25, 2021 (Worldwide [WW])"", ""Jun 01, 2021 (Worldwide [WW])"", ""Jun 01, 2021 (Worldwide [WW])""]","[""PC (Microsoft Windows)"", ""Nintendo Switch"", ""PlayStation 4"", ""Xbox One""]","[""Adventure"", ""Platform""]","[""Action""]","[""Capcom""]",
119270,Tales of Arise,https://www.igdb.com/g/2k12,8.241422582001997,Main Game,"[""Sep 10, 2021 (Worldwide [WW])"", ""Sep 10, 2021 (Worldwide [WW])"", ""Sep 10, 2021 (Worldwide [WW])"", ""Sep 10, 2021 (Worldwide [WW])"", ""Sep 10, 2021 (Worldwide [WW])""]","[""PlayStation 5"", ""Xbox Series X|S"", ""PC (Microsoft Windows)"", ""PlayStation 4"", ""Xbox One""]","[""Adventure"", ""Role-playing (RPG)""]","[""Action"", ""Fantasy""]","[""Bandai Namco Entertainment"", ""Bandai Namco Studios""]",
133503,Shovel Knight: Pocket Dungeon,https://www.igdb.com/g/2v0f,,Main Game,"[""Dec 13, 2021 (Worldwide [WW])"", ""Dec 13, 2021 (Worldwide [WW])"", ""Dec 13, 2021 (Worldwide [WW])"", ""Dec 13, 2021 (Worldwide [WW])"", ""Dec 12, 2021 (Europe [EU])"", ""Jun 06, 2023 (Worldwide [WW])"", ""Jun 06, 2023 (Worldwide [WW])""]","[""Mac"", ""PC (Microsoft Windows)"", ""Android"", ""Nintendo Switch"", ""PlayStation 4"", ""iOS""]","[""Adventure"", ""Arcade"", ""Indie"", ""Puzzle""]","[""Action"", ""Fantasy""]","[""Vine"", ""Yacht Club Games""]",
127344,Bravely Default II,https://www.igdb.com/g/2q9c,7.317250911319746,Main Game,"[""Feb 25, 2021 (Europe [EU])"", ""Feb 26, 2021 (Worldwide [WW])"", ""Sep 02, 2021 (Worldwide [WW])""]","[""PC (Microsoft Windows)"", ""Nintendo Switch""]","[""Adventure"", ""Role-playing (RPG)""]","[""Action"", ""Fantasy""]","[""Nintendo"", ""Clay Tech Works"", ""Team Asano"", ""Square Enix"", ""Square Enix Creative Business Unit II""]",
116650,Cyber Shadow,https://www.igdb.com/g/2i0a,7.322850663962954,Main Game,"[""Jan 26, 2021 (Worldwide [WW])"", ""Jan 26, 2021 (Worldwide [WW])"", ""Jan 26, 2021 (Worldwide [WW])"", ""Jan 26, 2021 (Worldwide [WW])"", ""Jan 26, 2021 (Worldwide [WW])"", ""Jan 26, 2021 (Worldwide [WW])"", ""Jan 26, 2021 (Worldwide [WW])""]","[""Mac"", ""PlayStation 5"", ""PC (Microsoft Windows)"", ""Nintendo Switch"", ""PlayStation 4"", ""Xbox One"", ""Linux""]","[""Adventure"", ""Arcade"", ""Hack and slash/Beat 'em up"", ""Indie"", ""Platform""]","[""Action"", ""Science fiction""]","[""Mechanical Head Studios"", ""Yacht Club Games""]",
140617,The Dark Pictures Anthology: House of Ashes,https://www.igdb.com/g/30i1,7.266364565638453,Main Game,"[""Oct 22, 2021 (Worldwide [WW])"", ""Oct 22, 2021 (Worldwide [WW])"", ""Oct 22, 2021 (Worldwide [WW])"", ""Oct 22, 2021 (Worldwide [WW])"", ""Oct 22, 2021 (Worldwide [WW])""]","[""PlayStation 5"", ""Xbox Series X|S"", ""PC (Microsoft Windows)"", ""PlayStation 4"", ""Xbox One""]","[""Adventure""]","[""Horror"", ""Survival"", ""Thriller""]","[""Bandai Namco Entertainment"", ""Supermassive Games""]",
127269,Axiom Verge 2,https://www.igdb.com/g/2q79,6.987122525229673,Main Game,"[""Aug 11, 2021 (Worldwide [WW])"", ""Aug 11, 2021 (Worldwide [WW])"", ""Aug 11, 2021 (Worldwide [WW])"", ""Aug 11, 2021 (Worldwide [WW])"", ""Aug 11, 2022 (Worldwide [WW])"", ""Jul 11, 2023 (Worldwide [WW])"", ""Jul 11, 2023 (North America [NA])""]","[""PlayStation 5"", ""Xbox Series X|S"", ""PC (Microsoft Windows)"", ""Nintendo Switch"", ""PlayStation 4"", ""Xbox One"", ""Linux""]","[""Adventure"", ""Indie"", ""Platform""]","[""Action"", ""Science fiction""]","[""Thomas Happ Games"", ""Sickhead Games""]",
133302,Scarlet Nexus,https://www.igdb.com/g/2uuu,7.708752902600077,Main Game,"[""Jun 25, 2021 (Worldwide [WW])"", ""Jun 24, 2021 (North America [NA])"", ""Jun 25, 2021 (Worldwide [WW])"", ""Jun 25, 2021 (Worldwide [WW])"", ""Jun 25, 2021 (Worldwide [WW])"", ""Jun 25, 2021 (Worldwide [WW])""]","[""PlayStation 5"", ""Xbox Series X|S"", ""PC (Microsoft Windows)"", ""PlayStation 4"", ""Xbox One""]","[""Adventure"", ""Role-playing (RPG)""]","[""Action"", ""Fantasy""]","[""Bandai Namco Studios"", ""Tose"", ""Bandai Namco Entertainment""]",
146014,A'-Train All Aboard! Tourism,https://www.igdb.com/g/34ny,,Main Game,"[""Mar 11, 2021 (Europe [EU])"", ""Mar 12, 2021 (Worldwide [WW])"", ""Dec 07, 2021 (Worldwide [WW])""]","[""PC (Microsoft Windows)"", ""Nintendo Switch""]","[""Puzzle"", ""Simulator"", ""Strategy""]",[],"[""Artdink""]",
146762,Game Builder Garage,https://www.igdb.com/g/358q,,Main Game,"[""Jun 11, 2021 (Worldwide [WW])"", ""Sep 10, 2021 (Europe [EU])"", ""Jun 05, 2025 (Worldwide [WW])""]","[""Nintendo Switch 2"", ""Nintendo Switch""]",[],"[""Educational""]","[""Nintendo""]",
116899,R'-Type Final 2,https://www.igdb.com/g/2i77,7.725135384831649,Main Game,"[""Apr 30, 2021 (North America [NA])"", ""Apr 30, 2021 (Worldwide [WW])"", ""Apr 30, 2021 (Worldwide [WW])"", ""Apr 30, 2021 (Worldwide [WW])"", ""Apr 30, 2021 (Worldwide [WW])""]","[""Xbox Series X|S"", ""PC (Microsoft Windows)"", ""Nintendo Switch"", ""PlayStation 4"", ""Xbox One""]","[""Arcade"", ""Platform"", ""Shooter""]","[""Action"", ""Science fiction""]","[""Granzella"", ""NIS America""]",
145515,Pac'-Man 99,https://www.igdb.com/g/34a3,7.795984329257497,Main Game,"[""Apr 07, 2021 (Worldwide [WW])"", ""Apr 08, 2021 (Europe [EU])"", ""Oct 08, 2023 (Worldwide [WW])""]","[""Nintendo Switch""]","[""Arcade""]","[""Action""]","[""Bandai Namco Entertainment"", ""Namco Limited"", ""Arika""]",
143609,Mario Golf: Super Rush,https://www.igdb.com/g/32t5,6.971774481324837,Main Game,"[""Jun 24, 2021 (Europe [EU])"", ""Jun 25, 2021 (Worldwide [WW])""]","[""Nintendo Switch""]","[""Adventure"", ""Role-playing (RPG)"", ""Sport""]","[""Party""]","[""Camelot Software Planning"", ""Nintendo""]",
152480,Madden NFL 22,https://www.igdb.com/g/39nk,7.2438704846956545,Main Game,"[""Aug 20, 2021 (Worldwide [WW])"", ""Aug 20, 2021 (Worldwide [WW])"", ""Aug 20, 2021 (Worldwide [WW])"", ""Aug 20, 2021 (Worldwide [WW])""]","[""PlayStation 5"", ""Xbox Series X|S"", ""PC (Microsoft Windows)"", ""Google Stadia""]","[""Simulator"", ""Sport"", ""Strategy""]","[""Action"", ""Non-fiction""]","[""EA Sports"", ""EA Orlando""]",
116200,Back 4 Blood,https://www.igdb.com/g/2hns,6.725096086729547,Main Game,"[""Oct 12, 2021 (Worldwide [WW])"", ""Oct 12, 2021 (Worldwide [WW])"", ""Oct 12, 2021 (Worldwide [WW])"", ""Oct 12, 2021 (Worldwide [WW])"", ""Oct 12, 2021 (Worldwide [WW])""]","[""PlayStation 5"", ""Xbox Series X|S"", ""PC (Microsoft Windows)"", ""PlayStation 4"", ""Xbox One""]","[""Shooter""]","[""Action"", ""Horror"", ""Survival""]","[""Warner Bros. Interactive Entertainment"", ""Turtle Rock Studios""]",
165067,Call of Duty: Vanguard,https://www.igdb.com/g/3jd7,6.326590370385958,Main Game,"[""Nov 05, 2021 (Worldwide [WW])"", ""Nov 05, 2021 (Worldwide [WW])"", ""Nov 05, 2021 (Worldwide [WW])"", ""Nov 05, 2021 (Worldwide [WW])"", ""Nov 05, 2021 (Worldwide [WW])""]","[""PlayStation 5"", ""Xbox Series X|S"", ""PC (Microsoft Windows)"", ""PlayStation 4"", ""Xbox One""]","[""Shooter""]","[""Action"", ""Warfare""]","[""Activision"", ""Treyarch"", ""Beenox"", ""Raven Software"", ""High Moon Studios"", ""Activision Shanghai"", ""Demonware"", ""Sledgehammer Games"", ""Lab42 Games""]",
36550,Yakuza: Like a Dragon,https://www.igdb.com/g/s7a,8.39795101917941,Main Game,"[""Jan 16, 2020 (Asia [AS])"", ""Nov 10, 2020 (Europe [EU])"", ""Nov 10, 2020 (Australia [AU])"", ""Nov 10, 2020 (Worldwide [WW])"", ""Nov 10, 2020 (North America [NA])"", ""Feb 26, 2021 (Asia [AS])"", ""Nov 10, 2020 (Australia [AU])"", ""Feb 26, 2021 (Asia [AS])"", ""Nov 10, 2020 (North America [NA])"", ""Nov 10, 2020 (Europe [EU])"", ""Nov 10, 2020 (Europe [EU])"", ""Mar 02, 2021 (Worldwide [WW])"", ""Nov 10, 2020 (Australia [AU])"", ""Nov 10, 2020 (North America [NA])""]","[""PlayStation 5"", ""Xbox Series X|S"", ""PC (Microsoft Windows)"", ""PlayStation 4"", ""Xbox One""]","[""Adventure"", ""Role-playing (RPG)""]","[""Action"", ""Open world""]","[""Sega"", ""Sega Games"", ""Sammy Networks"", ""Ryu Ga Gotoku Studio""]",
113112,Hades,https://www.igdb.com/g/2fa0,8.94528493824234,Main Game,"[""Sep 17, 2020 (Worldwide [WW])"", ""Aug 13, 2021 (Worldwide [WW])"", ""Aug 13, 2021 (Worldwide [WW])"", ""Aug 13, 2021 (Worldwide [WW])"", ""Mar 19, 2024 (Worldwide [WW])"", ""Sep 17, 2020 (Worldwide [WW])"", ""Jun 24, 2021 (Japan [JP])"", ""Aug 13, 2021 (Worldwide [WW])"", ""Dec 10, 2019 (Worldwide [WW])"", ""Sep 17, 2020 (North America [NA])"", ""Mar 18, 2021 (Europe [EU])"", ""Sep 17, 2020 (Worldwide [WW])"", ""Dec 07, 2018 (Worldwide [WW])""]","[""Mac"", ""PlayStation 5"", ""Xbox Series X|S"", ""PC (Microsoft Windows)"", ""Nintendo Switch"", ""PlayStation 4"", ""Xbox One"", ""iOS""]","[""Adventure"", ""Hack and slash/Beat 'em up"", ""Indie"", ""Role-playing (RPG)""]","[""Action"", ""Drama"", ""Fantasy""]","[""Supergiant Games"", ""Netflix"", ""Secret 6""]",
134597,Astro's Playroom,https://www.igdb.com/g/2vut,8.405018430788129,Main Game,"[""Nov 19, 2020 (Europe [EU])"", ""Nov 12, 2020 (North America [NA])"", ""Nov 19, 2020 (China [CH])"", ""Nov 12, 2020 (Australia [AU])"", ""Nov 12, 2020 (Japan [JP])"", ""Nov 12, 2020 (Korea [KR])"", ""Nov 12, 2020 (New Zealand [NZ])"", ""Nov 19, 2020 (Asia [AS])""]","[""PlayStation 5""]","[""Adventure"", ""Platform""]","[""Action"", ""Science fiction""]","[""Sony Interactive Entertainment"", ""Team Asobi""]",
75239,Spelunky 2,https://www.igdb.com/g/1m1z,7.744516684520189,Main Game,"[""Aug 26, 2021 (Worldwide [WW])"", ""Jan 13, 2022 (Worldwide [WW])"", ""Jan 13, 2022 (Worldwide [WW])"", ""Sep 15, 2020 (Worldwide [WW])"", ""Sep 29, 2020 (Worldwide [WW])"", ""Mar 06, 2025 (Worldwide [WW])""]","[""PlayStation 5"", ""Xbox Series X|S"", ""PC (Microsoft Windows)"", ""Nintendo Switch"", ""PlayStation 4"", ""Xbox One""]","[""Adventure"", ""Indie"", ""Platform""]","[""Action"", ""Fantasy"", ""Science fiction""]","[""BlitWorks"", ""Mossmouth""]",
107262,Streets of Rage 4,https://www.igdb.com/g/2ari,8.016391657237474,Main Game,"[""Jun 25, 2020 (Europe [EU])"", ""Apr 30, 2020 (Worldwide [WW])"", ""Sep 23, 2022 (Worldwide [WW])"", ""Jul 15, 2021 (Worldwide [WW])"", ""May 24, 2022 (Worldwide [WW])"", ""Apr 30, 2020 (Worldwide [WW])"", ""Nov 12, 2020 (Worldwide [WW])"", ""Apr 30, 2020 (Worldwide [WW])"", ""Nov 12, 2020 (Worldwide [WW])"", ""Apr 30, 2020 (Worldwide [WW])"", ""Jun 25, 2020 (Europe [EU])"", ""Apr 30, 2020 (Worldwide [WW])"", ""Jul 24, 2020 (Europe [EU])"", ""Jun 25, 2020 (Europe [EU])"", ""Apr 30, 2020 (Worldwide [WW])""]","[""Mac"", ""PC (Microsoft Windows)"", ""Android"", ""Nintendo Switch"", ""PlayStation 4"", ""Google Stadia"", ""Xbox One"", ""iOS"", ""Linux""]","[""Adventure"", ""Arcade"", ""Fighting"", ""Hack and slash/Beat 'em up"", ""Indie""]","[""Action""]","[""DotEmu"", ""Lizardcube"", ""Guard Crush Games"", ""Yooreka Studio"", ""Playdigious"", ""Merge Games""]",
24863,Wasteland 3,https://www.igdb.com/g/j6n,8.17235731271645,Main Game,"[""Aug 27, 2020 (Worldwide [WW])"", ""Aug 27, 2020 (Worldwide [WW])"", ""Aug 27, 2020 (Worldwide [WW])"", ""Aug 28, 2020 (Worldwide [WW])"", ""Aug 28, 2020 (Worldwide [WW])""]","[""Mac"", ""PC (Microsoft Windows)"", ""PlayStation 4"", ""Xbox One"", ""Linux""]","[""Adventure"", ""Role-playing (RPG)"", ""Strategy"", ""Tactical"", ""Turn-based strategy (TBS)""]","[""Action"", ""Science fiction"", ""Survival""]","[""inXile Entertainment""]",
129483,Monster Train,https://www.igdb.com/g/2rwr,8.128095757765449,Main Game,"[""May 21, 2020 (Worldwide [WW])"", ""Dec 16, 2020 (Worldwide [WW])"", ""Dec 16, 2020 (Worldwide [WW])"", ""Jul 25, 2024 (Worldwide [WW])"", ""Aug 19, 2021 (Worldwide [WW])"", ""Oct 27, 2022 (Worldwide [WW])""]","[""PlayStation 5"", ""Xbox Series X|S"", ""PC (Microsoft Windows)"", ""Nintendo Switch"", ""Xbox One"", ""iOS""]","[""Card & Board Game"", ""Indie"", ""Role-playing (RPG)"", ""Strategy"", ""Turn-based strategy (TBS)""]","[""Action"", ""Fantasy""]","[""Good Shepherd Entertainment"", ""Shiny Shoe"", ""Big Fan Games""]",
131961,Clubhouse Games: 51 Worldwide Classics,https://www.igdb.com/g/2ttl,7.358836609248105,Main Game,"[""Jun 04, 2020 (Europe [EU])"", ""Jun 05, 2020 (Worldwide [WW])""]","[""Nintendo Switch""]","[""Arcade"", ""Card & Board Game""]","[""Party""]","[""Nintendo"", ""NDCube""]",
135337,Bloodstained: Curse of the Moon 2,https://www.igdb.com/g/2wfd,8.604270240472884,Main Game,"[""Jul 10, 2020 (Worldwide [WW])"", ""Jul 10, 2020 (Worldwide [WW])"", ""Jul 10, 2020 (Worldwide [WW])"", ""Jul 10, 2020 (Worldwide [WW])""]","[""PC (Microsoft Windows)"", ""Nintendo Switch"", ""PlayStation 4"", ""Xbox One""]","[""Hack and slash/Beat 'em up"", ""Indie"", ""Platform""]","[""Action"", ""Fantasy""]","[""Inti Creates""]",
116589,Shantae and the Seven Sirens,https://www.igdb.com/g/2hyl,7.632964534178006,Main Game,"[""Mar 27, 2020 (Worldwide [WW])"", ""May 28, 2020 (Worldwide [WW])"", ""May 28, 2020 (Worldwide [WW])"", ""May 28, 2020 (Worldwide [WW])"", ""Jun 03, 2020 (Europe [EU])"", ""May 28, 2020 (Worldwide [WW])"", ""Mar 22, 2022 (Worldwide [WW])"", ""Nov 20, 2024 (Europe [EU])"", ""Sep 19, 2019 (Worldwide [WW])"", ""Oct 09, 2019 (Worldwide [WW])"", ""Nov 02, 2024 (Europe [EU])"", ""May 28, 2020 (North America [NA])""]","[""Mac"", ""PlayStation 5"", ""PC (Microsoft Windows)"", ""Android"", ""Nintendo Switch"", ""PlayStation 4"", ""Xbox One"", ""iOS""]","[""Adventure"", ""Platform""]","[""Action"", ""Comedy"", ""Fantasy""]","[""WayForward"", ""Crunchyroll Games""]",
121752,Ghostrunner,https://www.igdb.com/g/2ly0,7.813664748673638,Main Game,"[""Sep 28, 2021 (Worldwide [WW])"", ""Dec 09, 2020 (North America [NA])"", ""Jun 25, 2021 (Europe [EU])"", ""Oct 27, 2020 (Worldwide [WW])"", ""Nov 30, 2020 (Worldwide [WW])"", ""Oct 27, 2020 (Worldwide [WW])"", ""Oct 27, 2020 (Worldwide [WW])"", ""Sep 28, 2021 (Worldwide [WW])""]","[""PlayStation 5"", ""Xbox Series X|S"", ""PC (Microsoft Windows)"", ""Nintendo Switch"", ""PlayStation 4"", ""Xbox One""]","[""Adventure"", ""Platform"", ""Shooter""]","[""Action"", ""Science fiction""]","[""505 Games"", ""Slipgate Ironworks"", ""All In! Games"", ""3D Realms"", ""One More Level""]",
11155,Dreams,https://www.igdb.com/g/8lv,8.958836734169664,Main Game,"[""Jul 22, 2020 (Worldwide [WW])"", ""Feb 14, 2020 (Worldwide [WW])"", ""Jul 08, 2021 (Worldwide [WW])"", ""Apr 16, 2019 ()""]","[""PlayStation 5"", ""PlayStation VR"", ""PlayStation 4""]","[""Adventure""]","[""Action"", ""Sandbox""]","[""Media Molecule"", ""Sony Interactive Entertainment""]",
134585,Sackboy: A Big Adventure,https://www.igdb.com/g/2vuh,7.774472594185436,Main Game,"[""Nov 19, 2020 (Europe [EU])"", ""Nov 12, 2020 (Japan [JP])"", ""Nov 19, 2020 (China [CH])"", ""Nov 12, 2020 (Japan [JP])"", ""Nov 12, 2020 (North America [NA])"", ""Nov 19, 2020 (Worldwide [WW])"", ""Oct 27, 2022 (Worldwide [WW])"", ""Nov 12, 2020 (North America [NA])"", ""Nov 12, 2020 (New Zealand [NZ])"", ""Nov 12, 2020 (Australia [AU])"", ""Nov 12, 2020 (Australia [AU])"", ""Nov 19, 2020 (Asia [AS])"", ""Nov 12, 2020 (Korea [KR])""]","[""PlayStation 5"", ""PC (Microsoft Windows)"", ""PlayStation 4""]","[""Adventure"", ""Platform""]","[""Action"", ""Sandbox""]","[""Sony Interactive Entertainment"", ""Sumo Digital""]",
138343,Hyrule Warriors: Age of Calamity,https://www.igdb.com/g/2yqv,8.01921681672637,Main Game,"[""Nov 20, 2020 (Worldwide [WW])"", ""Nov 19, 2020 (Europe [EU])""]","[""Nintendo Switch""]","[""Hack and slash/Beat 'em up"", ""Strategy""]","[""Action"", ""Fantasy""]","[""Nintendo"", ""Omega Force"", ""Koei Tecmo""]",
111837,Cloudpunk,https://www.igdb.com/g/2eal,7.125198382242913,Main Game,"[""Oct 16, 2023 (Worldwide [WW])"", ""Oct 15, 2020 (Worldwide [WW])"", ""Aug 19, 2022 (Worldwide [WW])"", ""Nov 05, 2020 (Europe [EU])"", ""Apr 23, 2020 (Worldwide [WW])"", ""Oct 15, 2020 (Worldwide [WW])"", ""Oct 15, 2020 (Worldwide [WW])""]","[""PlayStation 5"", ""Xbox Series X|S"", ""PC (Microsoft Windows)"", ""Nintendo Switch"", ""PlayStation 4"", ""Xbox One""]","[""Adventure"", ""Indie"", ""Role-playing (RPG)"", ""Simulator""]","[""Action"", ""Science fiction""]","[""ION LANDS"", ""Merge Games""]",
121735,Vitamin Connection,https://www.igdb.com/g/2lxj,,Main Game,"[""Feb 20, 2020 (Worldwide [WW])""]","[""Nintendo Switch""]","[""Adventure"", ""Puzzle"", ""Shooter""]","[""Action"", ""Science fiction""]","[""Limited Run"", ""WayForward""]",
138235,Super Mario Bros. 35,https://www.igdb.com/g/2ynv,6.193289314730824,Main Game,"[""Oct 01, 2020 (Worldwide [WW])"", ""Mar 31, 2021 (Worldwide [WW])""]","[""Nintendo Switch""]","[""Platform""]","[""Action""]","[""Nintendo"", ""Arika""]",
119357,Immortals Fenyx Rising,https://www.igdb.com/g/2k3h,7.387251947695001,Main Game,"[""Dec 03, 2020 (North America [NA])"", ""Dec 03, 2020 (Worldwide [WW])"", ""Dec 03, 2020 (Worldwide [WW])"", ""Dec 03, 2020 (Worldwide [WW])"", ""Dec 03, 2020 (Worldwide [WW])"", ""Dec 03, 2020 ()"", ""Dec 02, 2020 (Europe [EU])"", ""Dec 03, 2020 (Worldwide [WW])""]","[""PlayStation 5"", ""Xbox Series X|S"", ""PC (Microsoft Windows)"", ""Nintendo Switch"", ""PlayStation 4"", ""Google Stadia"", ""Xbox One""]","[""Adventure"", ""Puzzle"", ""Role-playing (RPG)""]","[""Action"", ""Fantasy""]","[""Ubisoft Bucharest"", ""Ubisoft Québec"", ""Ubisoft Singapore"", ""Ubisoft Chengdu"", ""Ubisoft Kyiv"", ""Ubisoft Shanghai"", ""Ubisoft Pune"", ""Ubisoft Montpellier"", ""Ubisoft Odesa"", ""Ubisoft Entertainment""]",
39758,Hypercharge: Unboxed,https://www.igdb.com/g/uoe,5.712919631895531,Main Game,"[""Jan 30, 2020 (Europe [EU])"", ""Apr 27, 2020 (Worldwide [WW])"", ""Apr 27, 2020 (Worldwide [WW])"", ""Jan 31, 2020 (Worldwide [WW])"", ""May 30, 2025 (Worldwide [WW])"", ""May 30, 2025 (Worldwide [WW])"", ""May 31, 2024 (Worldwide [WW])"", ""May 31, 2024 (Worldwide [WW])""]","[""PlayStation 5"", ""Xbox Series X|S"", ""PC (Microsoft Windows)"", ""Nintendo Switch"", ""PlayStation 4"", ""Xbox One"", ""Linux""]","[""Adventure"", ""Indie"", ""Platform"", ""Shooter"", ""Strategy""]","[""Action"", ""Kids"", ""Party""]","[""Digital Cybercherries""]",
122120,The Dark Pictures Anthology: Little Hope,https://www.igdb.com/g/2m88,6.996044103460852,Main Game,"[""Oct 30, 2020 (Europe [EU])"", ""Oct 30, 2020 (North America [NA])"", ""Oct 30, 2020 (Europe [EU])"", ""Oct 30, 2020 (Europe [EU])"", ""Sep 28, 2022 (Worldwide [WW])"", ""Oct 05, 2023 (Worldwide [WW])"", ""Sep 28, 2022 (Worldwide [WW])""]","[""PlayStation 5"", ""Xbox Series X|S"", ""PC (Microsoft Windows)"", ""Nintendo Switch"", ""PlayStation 4"", ""Xbox One""]","[""Adventure""]","[""Horror"", ""Mystery"", ""Survival""]","[""Supermassive Games"", ""Bandai Namco Entertainment""]",
138251,Mario Kart Live: Home Circuit,https://www.igdb.com/g/2yob,,Main Game,"[""Oct 15, 2020 (Europe [EU])"", ""Oct 16, 2020 (Worldwide [WW])""]","[""Nintendo Switch""]","[""Racing""]","[""Kids"", ""Party""]","[""Velan Studios"", ""Nintendo""]",
122232,Deadly Premonition 2: A Blessing in Disguise,https://www.igdb.com/g/2mbc,6.369454955197572,Main Game,"[""Jul 10, 2020 (Worldwide [WW])"", ""Jun 11, 2022 (Worldwide [WW])""]","[""PC (Microsoft Windows)"", ""Nintendo Switch""]","[""Adventure""]","[""Action"", ""Comedy"", ""Drama"", ""Horror"", ""Mystery"", ""Open world"", ""Survival""]","[""ToyBox"", ""Rising Star Games"", ""White Owls Inc."", ""NOW Production""]",
138697,G.I. Joe: Operation Blackout,https://www.igdb.com/g/2z0p,4.549193800914569,Main Game,"[""Dec 14, 2020 (Worldwide [WW])"", ""Oct 12, 2020 (Europe [EU])"", ""Oct 13, 2020 (Worldwide [WW])"", ""Oct 13, 2020 (Worldwide [WW])"", ""Oct 13, 2020 (Worldwide [WW])""]","[""PC (Microsoft Windows)"", ""Nintendo Switch"", ""PlayStation 4"", ""Xbox One""]","[""Adventure"", ""Shooter""]","[""Action""]","[""IguanaBee"", ""Fair Play Labs"", ""GameMill Entertainment""]",
118272,Predator: Hunting Grounds,https://www.igdb.com/g/2j9c,3.6985333596401806,Main Game,"[""Oct 01, 2024 (Worldwide [WW])"", ""Oct 01, 2024 (Worldwide [WW])"", ""Apr 24, 2020 (Worldwide [WW])"", ""Apr 24, 2020 (Worldwide [WW])""]","[""PlayStation 5"", ""Xbox Series X|S"", ""PC (Microsoft Windows)"", ""PlayStation 4""]","[""Shooter""]","[""Action"", ""Science fiction"", ""Stealth""]","[""Illfonic""]",
26845,Fire Emblem: Three Houses,https://www.igdb.com/g/kpp,8.586588206845134,Main Game,"[""Jul 26, 2019 (Worldwide [WW])""]","[""Nintendo Switch""]","[""Adventure"", ""Role-playing (RPG)"", ""Strategy"", ""Tactical"", ""Turn-based strategy (TBS)""]","[""Fantasy"", ""Warfare""]","[""Nintendo"", ""Koei Tecmo"", ""Intelligent Systems""]",
104971,AI: The Somnium Files,https://www.igdb.com/g/28zv,8.383258748737665,Main Game,"[""Sep 30, 2021 (North America [NA])"", ""Sep 19, 2019 (Europe [EU])"", ""Sep 20, 2019 (Europe [EU])"", ""Sep 19, 2019 (Japan [JP])"", ""Sep 17, 2019 (Worldwide [WW])"", ""Sep 17, 2019 (North America [NA])"", ""Sep 19, 2019 (Japan [JP])"", ""Sep 17, 2019 (North America [NA])"", ""Sep 17, 2019 (Worldwide [WW])""]","[""PC (Microsoft Windows)"", ""Nintendo Switch"", ""PlayStation 4"", ""Xbox One""]","[""Adventure"", ""Puzzle"", ""Visual Novel""]","[""Action"", ""Mystery"", ""Science fiction"", ""Thriller""]","[""Spike Chunsoft"", ""Numskull Games""]",
19564,Death Stranding,https://www.igdb.com/g/f3g,8.614964810599254,Main Game,"[""Nov 08, 2019 (Worldwide [WW])"", ""Jul 14, 2020 (Worldwide [WW])""]","[""PC (Microsoft Windows)"", ""PlayStation 4""]","[""Adventure"", ""Role-playing (RPG)"", ""Shooter""]","[""Action"", ""Open world"", ""Science fiction"", ""Stealth"", ""Survival""]","[""Sony Interactive Entertainment"", ""Kojima Productions"", ""505 Games"", ""Guerrilla Games""]",
106980,Anno: Mutationem,https://www.igdb.com/g/2ajo,7.160563077945061,Main Game,"[""Mar 17, 2022 (Worldwide [WW])"", ""Sep 01, 2022 (Worldwide [WW])"", ""Sep 22, 2023 (Worldwide [WW])"", ""Sep 22, 2023 (Worldwide [WW])"", ""Mar 17, 2022 (Worldwide [WW])"", ""Mar 17, 2022 (Worldwide [WW])""]","[""PlayStation 5"", ""Xbox Series X|S"", ""PC (Microsoft Windows)"", ""Nintendo Switch"", ""PlayStation 4"", ""Xbox One""]","[""Adventure"", ""Hack and slash/Beat 'em up"", ""Indie"", ""Role-playing (RPG)""]","[""Action"", ""Fantasy""]","[""ThinkingStars"", ""Lightning Games""]",
305246,Anno 117: Pax Romana,https://www.igdb.com/g/6jj2,7.066556223328837,Main Game,"[""Nov 13, 2025 (Worldwide [WW])"", ""Nov 13, 2025 (Worldwide [WW])"", ""Nov 13, 2025 (Worldwide [WW])""]","[""PlayStation 5"", ""Xbox Series X|S"", ""PC (Microsoft Windows)""]","[""Real Time Strategy (RTS)"", ""Simulator"", ""Strategy""]","[""Historical""]","[""Ubisoft Blue Byte"", ""Ubisoft Entertainment"", ""Ubisoft Mainz""]",
55036,Anno 1800,https://www.igdb.com/g/16gs,8.666287427910651,Main Game,"[""Apr 16, 2019 (Worldwide [WW])"", ""Mar 16, 2023 (Worldwide [WW])"", ""Mar 16, 2023 (Worldwide [WW])""]","[""PlayStation 5"", ""Xbox Series X|S"", ""PC (Microsoft Windows)""]","[""Real Time Strategy (RTS)"", ""Simulator"", ""Strategy""]","[""Business"", ""Historical""]","[""Ubisoft Blue Byte"", ""Ubisoft Bucharest"", ""Ubisoft Entertainment""]",
2933,Kingdom Hearts III,https://www.igdb.com/g/29h,7.512058240402147,Main Game,"[""Jan 25, 2019 (Japan [JP])"", ""Jan 29, 2019 (Worldwide [WW])"", ""Mar 30, 2021 (Worldwide [WW])"", ""Jan 25, 2019 (Japan [JP])"", ""Jan 29, 2019 (Worldwide [WW])"", ""Oct 08, 2026 (Worldwide [WW])"", ""Oct 08, 2026 (Worldwide [WW])"", ""Oct 08, 2026 (Worldwide [WW])""]","[""PlayStation 5"", ""Xbox Series X|S"", ""Nintendo Switch 2"", ""PC (Microsoft Windows)"", ""PlayStation 4"", ""Xbox One""]","[""Adventure"", ""Hack and slash/Beat 'em up"", ""Role-playing (RPG)""]","[""Action"", ""Drama"", ""Fantasy"", ""Kids""]","[""Square Enix Business Division 3"", ""Square Enix Creative Business Unit I"", ""Square Enix"", ""Square Enix Creative Studio I""]",
116419,Cadence of Hyrule: Crypt of the NecroDancer Featuring the Legend of Zelda,https://www.igdb.com/g/2htv,7.442918633684599,Main Game,"[""Jun 13, 2019 (Worldwide [WW])""]","[""Nintendo Switch""]","[""Adventure"", ""Music""]","[""Action"", ""Fantasy""]","[""Nintendo"", ""Brace Yourself Games"", ""Spike Chunsoft""]",
115283,Astral Chain,https://www.igdb.com/g/2gyb,8.103980214624954,Main Game,"[""Aug 30, 2019 ()"", ""Aug 30, 2019 (Europe [EU])"", ""Aug 30, 2019 (North America [NA])""]","[""Nintendo Switch""]","[""Adventure"", ""Hack and slash/Beat 'em up""]","[""Action"", ""Science fiction""]","[""PlatinumGames"", ""Nintendo""]",
54844,Ion Fury,https://www.igdb.com/g/16bg,7.613074831323482,Main Game,"[""Aug 15, 2019 (Worldwide [WW])"", ""May 28, 2020 (Europe [EU])"", ""May 14, 2020 (North America [NA])"", ""Aug 15, 2019 (Worldwide [WW])"", ""May 14, 2020 (Worldwide [WW])"", ""May 14, 2020 (Worldwide [WW])""]","[""PC (Microsoft Windows)"", ""Nintendo Switch"", ""PlayStation 4"", ""Xbox One"", ""Linux""]","[""Indie"", ""Shooter""]","[""Action"", ""Science fiction""]","[""Voidpoint"", ""Slipgate Studios"", ""3D Realms""]",
117717,Planet Zoo,https://www.igdb.com/g/2itx,7.602610634402512,Main Game,"[""Nov 05, 2019 (Worldwide [WW])""]","[""PC (Microsoft Windows)""]","[""Simulator"", ""Strategy""]","[""Business"", ""Sandbox""]","[""Frontier Developments""]",
117533,River City Girls,https://www.igdb.com/g/2iot,7.439544966228498,Main Game,"[""Jan 20, 2022 (Worldwide [WW])"", ""Sep 05, 2019 (Worldwide [WW])"", ""Sep 04, 2019 (Europe [EU])"", ""Sep 05, 2019 (Worldwide [WW])"", ""TBD ()"", ""Sep 05, 2019 (Worldwide [WW])"", ""Sep 05, 2019 (Worldwide [WW])"", ""Nov 02, 2023 ()""]","[""PlayStation 5"", ""PC (Microsoft Windows)"", ""Android"", ""Nintendo Switch"", ""PlayStation 4"", ""Xbox One"", ""iOS""]","[""Adventure"", ""Arcade"", ""Fighting"", ""Hack and slash/Beat 'em up""]","[""Action""]","[""Arc System Works"", ""WayForward""]",
115282,Tetris 99,https://www.igdb.com/g/2gya,8.28039986437072,Main Game,"[""Oct 01, 2019 (Europe [EU])"", ""Feb 14, 2019 (Japan [JP])"", ""Feb 13, 2019 (North America [NA])""]","[""Nintendo Switch""]","[""Arcade"", ""Puzzle""]",[],"[""Nintendo"", ""Nintendo of America"", ""Nintendo of Europe"", ""Arika""]",
55042,Blazing Chrome,https://www.igdb.com/g/16gy,7.909834340194289,Main Game,"[""Jul 11, 2019 ()"", ""Jul 11, 2019 (North America [NA])"", ""Jul 11, 2019 (Europe [EU])"", ""Jul 11, 2019 (North America [NA])"", ""Jul 11, 2019 (Worldwide [WW])"", ""Jul 11, 2019 ()""]","[""PC (Microsoft Windows)"", ""Nintendo Switch"", ""PlayStation 4"", ""Xbox One""]","[""Arcade"", ""Indie"", ""Platform"", ""Shooter""]","[""Action"", ""Science fiction""]","[""The Arcade Crew"", ""JoyMasher""]",
55195,Travis Strikes Again: No More Heroes,https://www.igdb.com/g/16l7,5.491143342326411,Main Game,"[""Jan 18, 2019 (Worldwide [WW])"", ""Oct 17, 2019 (Worldwide [WW])"", ""Oct 17, 2019 (Worldwide [WW])""]","[""PC (Microsoft Windows)"", ""Nintendo Switch"", ""PlayStation 4""]","[""Adventure"", ""Hack and slash/Beat 'em up""]","[""Action"", ""Comedy""]","[""Marvelous"", ""Grasshopper Manufacture""]",
112916,Mortal Kombat 11,https://www.igdb.com/g/2f4k,8.266682792281692,Main Game,"[""Apr 23, 2019 (Worldwide [WW])"", ""Nov 19, 2019 (Worldwide [WW])"", ""Nov 17, 2020 (Worldwide [WW])"", ""Nov 17, 2020 (Worldwide [WW])"", ""Apr 23, 2019 (Worldwide [WW])"", ""Apr 23, 2019 (Worldwide [WW])"", ""Apr 22, 2019 (North America [NA])"", ""Apr 23, 2019 (Worldwide [WW])""]","[""PlayStation 5"", ""Xbox Series X|S"", ""PC (Microsoft Windows)"", ""Nintendo Switch"", ""PlayStation 4"", ""Google Stadia"", ""Xbox One""]","[""Fighting""]","[""Action"", ""Fantasy""]","[""Shiver Entertainment"", ""NetherRealm Studios"", ""WB Games"", ""QLOC"", ""WB Games New York"", ""Sumo Newcastle""]",
96392,Sakura Wars,https://www.igdb.com/g/22dk,7.012260619216233,Main Game,"[""Apr 28, 2020 (North America [NA])"", ""May 12, 2020 (Europe [EU])"", ""Dec 12, 2019 (Japan [JP])""]","[""PlayStation 4""]","[""Adventure"", ""Hack and slash/Beat 'em up"", ""Role-playing (RPG)"", ""Simulator"", ""Visual Novel""]","[""Action"", ""Fantasy"", ""Historical""]","[""Sega"", ""Sega CS2 R&D"", ""Sega Games""]",
36649,Tropico 6,https://www.igdb.com/g/sa1,7.373238549210616,Main Game,"[""Mar 29, 2019 (Worldwide [WW])"", ""Mar 29, 2019 (Worldwide [WW])"", ""Nov 06, 2020 (Worldwide [WW])"", ""Nov 05, 2020 (Europe [EU])"", ""Mar 29, 2019 (Worldwide [WW])"", ""Sep 27, 2019 (Worldwide [WW])"", ""Mar 31, 2022 (Worldwide [WW])"", ""Sep 27, 2019 (Worldwide [WW])"", ""Mar 31, 2022 (Worldwide [WW])""]","[""Mac"", ""PlayStation 5"", ""Xbox Series X|S"", ""PC (Microsoft Windows)"", ""Nintendo Switch"", ""PlayStation 4"", ""Xbox One"", ""Linux""]","[""Real Time Strategy (RTS)"", ""Simulator"", ""Strategy""]","[""Comedy""]","[""Limbic Entertainment"", ""Kalypso Media""]",
122611,Terminator: Resistance,https://www.igdb.com/g/2mlv,6.989480398897256,Main Game,"[""Nov 15, 2019 (Worldwide [WW])"", ""Nov 15, 2019 (Worldwide [WW])"", ""Nov 14, 2019 (Worldwide [WW])""]","[""PC (Microsoft Windows)"", ""PlayStation 4"", ""Xbox One""]","[""Adventure"", ""Role-playing (RPG)"", ""Shooter""]","[""Action"", ""Science fiction""]","[""Reef Entertainment"", ""Teyon""]",
113114,The Outer Worlds,https://www.igdb.com/g/2fa2,7.740625447774864,Main Game,"[""Mar 15, 2021 (Worldwide [WW])"", ""Mar 15, 2021 (Worldwide [WW])"", ""Jun 05, 2020 (Worldwide [WW])"", ""Oct 25, 2019 (Worldwide [WW])"", ""Oct 25, 2019 (Worldwide [WW])"", ""Oct 25, 2019 (Worldwide [WW])""]","[""PlayStation 5"", ""Xbox Series X|S"", ""PC (Microsoft Windows)"", ""Nintendo Switch"", ""PlayStation 4"", ""Xbox One""]","[""Adventure"", ""Role-playing (RPG)"", ""Shooter""]","[""Action"", ""Open world"", ""Science fiction""]","[""Virtuos"", ""Obsidian Entertainment"", ""Private Division""]",
19164,Borderlands 3,https://www.igdb.com/g/esc,7.638922194518221,Main Game,"[""Oct 30, 2019 (Worldwide [WW])"", ""Nov 12, 2020 (Worldwide [WW])"", ""Sep 13, 2019 (Worldwide [WW])"", ""Sep 13, 2019 (Worldwide [WW])"", ""Dec 17, 2019 (Worldwide [WW])"", ""Nov 10, 2020 ()"", ""Sep 13, 2019 (Worldwide [WW])""]","[""Mac"", ""PlayStation 5"", ""Xbox Series X|S"", ""PC (Microsoft Windows)"", ""PlayStation 4"", ""Google Stadia"", ""Xbox One""]","[""Adventure"", ""Role-playing (RPG)"", ""Shooter""]","[""Action"", ""Comedy"", ""Fantasy"", ""Open world""]","[""2K Games"", ""Gearbox Software""]",
90099,Tom Clancy's The Division 2,https://www.igdb.com/g/1xir,7.5004436372095915,Main Game,"[""Feb 02, 2021 (Worldwide [WW])"", ""Feb 02, 2021 (Worldwide [WW])"", ""Mar 17, 2020 (Worldwide [WW])"", ""Mar 15, 2019 (Worldwide [WW])"", ""Mar 15, 2019 (Worldwide [WW])"", ""Mar 15, 2019 (Worldwide [WW])""]","[""PlayStation 5"", ""Xbox Series X|S"", ""PC (Microsoft Windows)"", ""PlayStation 4"", ""Google Stadia"", ""Xbox One""]","[""Adventure"", ""Role-playing (RPG)"", ""Shooter"", ""Tactical""]","[""Action"", ""Open world"", ""Science fiction""]","[""Ubisoft Annecy"", ""Ubisoft Entertainment"", ""Ubisoft Osaka"", ""Ubisoft Shanghai"", ""Ubisoft Sofia"", ""Ubisoft San Francisco"", ""Ubisoft Reflections"", ""Red Storm Entertainment"", ""Ubisoft Bucharest"", ""Massive Entertainment"", ""Ubisoft Barcelona""]",
27441,Wargroove,https://www.igdb.com/g/l69,7.266818605689044,Main Game,"[""Oct 28, 2019 (Europe [EU])"", ""Jan 23, 2019 ()"", ""Feb 01, 2019 (Worldwide [WW])"", ""Jan 02, 2019 (Worldwide [WW])"", ""Feb 01, 2019 (North America [NA])"", ""Feb 01, 2019 (Worldwide [WW])""]","[""PC (Microsoft Windows)"", ""Nintendo Switch"", ""PlayStation 4"", ""Xbox One""]","[""Indie"", ""Strategy"", ""Tactical"", ""Turn-based strategy (TBS)""]","[""Fantasy"", ""Warfare""]","[""Chucklefish Games""]",
103269,Dead or Alive 6,https://www.igdb.com/g/27ol,6.622706910939056,Main Game,"[""Mar 01, 2019 (Worldwide [WW])"", ""Mar 01, 2019 (Worldwide [WW])"", ""Mar 01, 2019 (Worldwide [WW])""]","[""PC (Microsoft Windows)"", ""PlayStation 4"", ""Xbox One""]","[""Fighting""]","[""Action""]","[""Koei Tecmo Games"", ""Team NINJA""]",
100562,198X,https://www.igdb.com/g/25le,5.293516937958093,Main Game,"[""Jan 22, 2020 (Europe [EU])"", ""Jan 23, 2020 (Worldwide [WW])"", ""Jun 20, 2019 (Worldwide [WW])"", ""Jun 20, 2019 (Worldwide [WW])"", ""Jun 20, 2019 (Worldwide [WW])""]","[""PC (Microsoft Windows)"", ""Nintendo Switch"", ""PlayStation 4"", ""Xbox One""]","[""Adventure"", ""Arcade"", ""Hack and slash/Beat 'em up"", ""Indie"", ""Racing"", ""Role-playing (RPG)"", ""Shooter""]","[""Action"", ""Fantasy"", ""Science fiction""]","[""Hi-Bit Studios"", ""8-4""]",
37382,Pokémon Sword,https://www.igdb.com/g/sue,7.223806734112237,Main Game,"[""Nov 15, 2019 (Worldwide [WW])""]","[""Nintendo Switch""]","[""Adventure"", ""Role-playing (RPG)"", ""Turn-based strategy (TBS)""]","[""Fantasy"", ""Open world""]","[""Game Freak"", ""Nintendo""]",
96119,Basketball Classics,https://www.igdb.com/g/225z,7.0,Main Game,"[""Dec 18, 2019 (Worldwide [WW])"", ""Dec 18, 2019 (Worldwide [WW])"", ""Dec 18, 2019 (Worldwide [WW])"", ""Mar 19, 2026 (Worldwide [WW])"", ""Mar 19, 2026 (Worldwide [WW])""]","[""Mac"", ""PC (Microsoft Windows)"", ""Nintendo Switch"", ""PlayStation 4"", ""Linux""]","[""Arcade"", ""Indie"", ""Simulator"", ""Sport"", ""Strategy""]",[],"[""Acclaim""]",
101152,Crystal Crisis,https://www.igdb.com/g/261s,7.7,Main Game,"[""Jul 31, 2019 (Worldwide [WW])"", ""May 28, 2019 (Worldwide [WW])"", ""May 28, 2019 (Worldwide [WW])""]","[""PC (Microsoft Windows)"", ""Nintendo Switch"", ""PlayStation 4""]","[""Arcade"", ""Fighting"", ""Indie"", ""Puzzle""]","[""Action"", ""Fantasy"", ""Science fiction""]","[""Nicalis, Inc.""]",
118218,Tom Clancy's Ghost Recon: Breakpoint,https://www.igdb.com/g/2j7u,6.324700768078718,Main Game,"[""Nov 16, 2020 (Worldwide [WW])"", ""Nov 16, 2020 (Worldwide [WW])"", ""2019 (Worldwide [WW])"", ""Oct 04, 2019 (Worldwide [WW])"", ""Oct 04, 2019 (Worldwide [WW])"", ""Oct 04, 2019 (Worldwide [WW])""]","[""PlayStation 5"", ""Xbox Series X|S"", ""PC (Microsoft Windows)"", ""PlayStation 4"", ""Google Stadia"", ""Xbox One""]","[""Adventure"", ""Shooter"", ""Tactical""]","[""Action"", ""Open world"", ""Stealth"", ""Warfare""]","[""Ubisoft Paris"", ""Ubisoft Milan"", ""Ubisoft Odesa"", ""Ubisoft Bucharest"", ""Ubisoft Kyiv"", ""Ubisoft Montpellier"", ""Ubisoft Bordeaux"", ""Ubisoft Belgrade"", ""Ubisoft Entertainment""]",
103338,Daemon X Machina,https://www.igdb.com/g/27qi,7.003604112209556,Main Game,"[""Sep 12, 2019 (Europe [EU])"", ""Sep 13, 2019 (Worldwide [WW])"", ""Feb 13, 2020 (Worldwide [WW])""]","[""PC (Microsoft Windows)"", ""Nintendo Switch""]","[""Adventure"", ""Hack and slash/Beat 'em up"", ""Shooter""]","[""Action"", ""Science fiction""]","[""XSEED Games"", ""Marvelous"", ""Marvelous First Studio"", ""Nintendo""]",
116795,Mario & Sonic at the Olympic Games Tokyo 2020,https://www.igdb.com/g/2i4b,7.199604563042677,Main Game,"[""Nov 08, 2019 (Europe [EU])"", ""Nov 05, 2019 (North America [NA])"", ""Nov 01, 2019 (Japan [JP])"", ""Nov 08, 2019 (Australia [AU])"", ""2019 (Brazil [BR])""]","[""Nintendo Switch""]","[""Sport""]","[""Action"", ""Party""]","[""Sega"", ""Sega Games""]",
103018,Team Sonic Racing,https://www.igdb.com/g/27hm,6.98892597918904,Main Game,"[""May 21, 2019 (Worldwide [WW])"", ""May 21, 2019 (Worldwide [WW])"", ""May 21, 2019 (Worldwide [WW])"", ""May 21, 2019 (Worldwide [WW])""]","[""PC (Microsoft Windows)"", ""Nintendo Switch"", ""PlayStation 4"", ""Xbox One""]","[""Arcade"", ""Racing""]","[""Science fiction""]","[""Sega"", ""Sumo Digital"", ""Sumo Nottingham"", ""Sega Games""]",
55047,The Dark Pictures Anthology: Man of Medan,https://www.igdb.com/g/16h3,6.769463114701162,Main Game,"[""Aug 30, 2019 ()"", ""Aug 30, 2019 ()"", ""Aug 29, 2019 (Worldwide [WW])"", ""May 04, 2023 (Worldwide [WW])"", ""Sep 28, 2022 (Worldwide [WW])"", ""Sep 28, 2022 (Worldwide [WW])""]","[""PlayStation 5"", ""Xbox Series X|S"", ""PC (Microsoft Windows)"", ""Nintendo Switch"", ""PlayStation 4"", ""Xbox One""]","[""Adventure""]","[""Horror"", ""Mystery"", ""Survival""]","[""Bandai Namco Entertainment"", ""Supermassive Games""]",
119298,Blair Witch,https://www.igdb.com/g/2k1u,7.295750398039338,Main Game,"[""Jun 25, 2020 (Worldwide [WW])"", ""Aug 30, 2019 (Worldwide [WW])"", ""Dec 03, 2019 (Worldwide [WW])"", ""Aug 30, 2019 (Worldwide [WW])""]","[""PC (Microsoft Windows)"", ""Nintendo Switch"", ""PlayStation 4"", ""Xbox One""]","[""Adventure"", ""Indie""]","[""Action"", ""Horror"", ""Survival"", ""Thriller""]","[""Bloober Team""]",
51528,Telling Lies,https://www.igdb.com/g/13rc,6.465276386993086,Main Game,"[""Aug 23, 2019 (Worldwide [WW])"", ""Apr 28, 2020 (Worldwide [WW])"", ""Aug 23, 2019 (Worldwide [WW])"", ""Apr 28, 2020 (Worldwide [WW])"", ""Apr 28, 2020 (Worldwide [WW])"", ""Aug 23, 2019 (Worldwide [WW])""]","[""Mac"", ""PC (Microsoft Windows)"", ""Nintendo Switch"", ""PlayStation 4"", ""Xbox One"", ""iOS""]","[""Indie"", ""Point-and-click"", ""Simulator""]","[""Mystery"", ""Thriller""]","[""Furious Bee Limited"", ""Sam Barlow"", ""Annapurna Interactive"", ""Half Mermaid""]",
101211,Rage 2,https://www.igdb.com/g/263f,6.9259302738774835,Main Game,"[""May 13, 2019 (Worldwide [WW])"", ""May 14, 2019 (Worldwide [WW])"", ""Nov 19, 2019 (Worldwide [WW])"", ""May 14, 2019 (Worldwide [WW])""]","[""PC (Microsoft Windows)"", ""PlayStation 4"", ""Google Stadia"", ""Xbox One""]","[""Adventure"", ""Racing"", ""Role-playing (RPG)"", ""Shooter""]","[""Action"", ""Open world"", ""Science fiction"", ""Stealth"", ""Survival""]","[""id Software"", ""Bethesda Softworks"", ""Avalanche Studios""]",
11542,Shenmue III,https://www.igdb.com/g/8wm,6.489919481428148,Main Game,"[""Nov 19, 2019 (Worldwide [WW])"", ""Nov 19, 2019 (Worldwide [WW])""]","[""PC (Microsoft Windows)"", ""PlayStation 4""]","[""Adventure"", ""Fighting"", ""Hack and slash/Beat 'em up"", ""Role-playing (RPG)""]","[""Action"", ""Fantasy"", ""Historical"", ""Mystery"", ""Open world"", ""Romance""]","[""Shibuya Productions"", ""Deep Silver"", ""Neilo Inc"", ""Ys Net"", ""ININ Games""]",
109459,Little Town Hero,https://www.igdb.com/g/2cgj,9.3,Main Game,"[""Oct 17, 2019 (Worldwide [WW])"", ""Oct 16, 2019 (North America [NA])"", ""Oct 16, 2019 (Europe [EU])"", ""Jun 22, 2020 (Worldwide [WW])"", ""Jun 23, 2020 (Worldwide [WW])"", ""Jul 09, 2020 (Worldwide [WW])""]","[""PC (Microsoft Windows)"", ""Nintendo Switch"", ""PlayStation 4"", ""Xbox One""]","[""Role-playing (RPG)""]",[],"[""Game Freak"", ""NIS America"", ""Rainy Frog""]",
103301,Wolfenstein: Youngblood,https://www.igdb.com/g/27ph,6.17385090288578,Main Game,"[""Jul 26, 2019 (North America [NA])"", ""Jul 25, 2019 (Worldwide [WW])"", ""Jul 26, 2019 (Worldwide [WW])"", ""Jul 26, 2019 ()"", ""Nov 19, 2019 (Worldwide [WW])""]","[""PC (Microsoft Windows)"", ""Nintendo Switch"", ""PlayStation 4"", ""Google Stadia"", ""Xbox One""]","[""Adventure"", ""Shooter""]","[""Action"", ""Science fiction""]","[""Arkane Studios"", ""MachineGames"", ""Bethesda Softworks""]",
85663,Mario Kart Tour,https://www.igdb.com/g/1u3j,5.753635196312584,Main Game,"[""Sep 25, 2019 (Worldwide [WW])"", ""Sep 25, 2019 (Worldwide [WW])""]","[""Android"", ""iOS""]","[""Racing""]","[""Action""]","[""DeNA"", ""Nintendo"", ""Nintendo Entertainment Planning & Development"", ""Bandai Namco Studios""]",
119385,Contra: Rogue Corps,https://www.igdb.com/g/2k49,3.769839030202159,Main Game,"[""Sep 24, 2019 (North America [NA])"", ""Sep 24, 2019 (North America [NA])"", ""Sep 26, 2019 (Europe [EU])"", ""Sep 24, 2019 (Worldwide [WW])"", ""Sep 24, 2019 ()"", ""Sep 24, 2019 ()""]","[""PC (Microsoft Windows)"", ""Nintendo Switch"", ""PlayStation 4"", ""Xbox One""]","[""Arcade"", ""Platform"", ""Shooter""]","[""Action""]","[""Konami""]",
121435,WWE 2K20,https://www.igdb.com/g/2lp7,5.53242486385831,Main Game,"[""Oct 22, 2019 (Worldwide [WW])"", ""Oct 22, 2019 (Worldwide [WW])"", ""Oct 22, 2019 (Worldwide [WW])""]","[""PC (Microsoft Windows)"", ""PlayStation 4"", ""Xbox One""]","[""Simulator"", ""Sport""]","[""Action"", ""Non-fiction""]","[""2K Sports"", ""Visual Concepts"", ""2K""]",
171233,Deltarune,https://www.igdb.com/g/3o4h,8.403631018053607,Main Game,"[""Jun 04, 2025 (Worldwide [WW])"", ""Jun 04, 2025 (Worldwide [WW])"", ""Jun 04, 2025 (Worldwide [WW])"", ""Jun 05, 2025 (Japan [JP])"", ""Jun 05, 2025 (Japan [JP])"", ""Jun 05, 2025 (Japan [JP])"", ""Jun 05, 2025 (Japan [JP])"", ""Jun 05, 2025 (Japan [JP])"", ""Jun 05, 2025 (Worldwide [WW])"", ""Jun 04, 2025 (Worldwide [WW])"", ""Jun 04, 2025 (Worldwide [WW])""]","[""Mac"", ""PlayStation 5"", ""Nintendo Switch 2"", ""PC (Microsoft Windows)"", ""Nintendo Switch"", ""PlayStation 4""]","[""Adventure"", ""Indie"", ""Music"", ""Puzzle"", ""Role-playing (RPG)"", ""Turn-based strategy (TBS)""]","[""Action"", ""Comedy"", ""Drama"", ""Mystery""]","[""tobyfox"", ""8-4""]",
26226,Celeste,https://www.igdb.com/g/k8i,8.671592117952466,Main Game,"[""Jan 25, 2018 (Worldwide [WW])"", ""Jan 25, 2018 (Worldwide [WW])"", ""Jan 25, 2018 (Worldwide [WW])"", ""Jan 25, 2018 (Worldwide [WW])"", ""Jan 25, 2018 (Worldwide [WW])"", ""Jan 25, 2018 (Worldwide [WW])"", ""Jul 28, 2020 (Worldwide [WW])""]","[""Mac"", ""PC (Microsoft Windows)"", ""Nintendo Switch"", ""PlayStation 4"", ""Google Stadia"", ""Xbox One"", ""Linux""]","[""Adventure"", ""Indie"", ""Platform""]","[""Action"", ""Fantasy""]","[""Extremely OK Games"", ""Maddy Makes Games"", ""Sickhead Games""]",
103340,Xenoblade Chronicles 2: Torna '- The Golden Country,https://www.igdb.com/g/27qk,9.238699170052774,Standalone Expansion,"[""Sep 14, 2018 (Worldwide [WW])"", ""Jul 30, 2026 (Worldwide [WW])""]","[""Nintendo Switch 2"", ""Nintendo Switch""]","[""Adventure"", ""Role-playing (RPG)""]","[""Action"", ""Fantasy"", ""Science fiction""]","[""Nintendo"", ""Monolith Soft""]",
281562,Judgment,https://www.igdb.com/g/6196,8.379225891985437,Remaster,"[""Apr 23, 2021 (Worldwide [WW])"", ""Sep 14, 2022 (Worldwide [WW])"", ""Apr 23, 2021 (Worldwide [WW])"", ""Apr 23, 2021 (Worldwide [WW])""]","[""PlayStation 5"", ""Xbox Series X|S"", ""PC (Microsoft Windows)"", ""Google Stadia""]","[""Adventure"", ""Role-playing (RPG)""]","[""Action"", ""Drama"", ""Mystery"", ""Thriller""]","[""Sega Games"", ""Sega"", ""Ryu Ga Gotoku Studio""]",
109274,Judgment,https://www.igdb.com/g/2cbe,8.359375256300831,Main Game,"[""Jun 25, 2019 (North America [NA])"", ""Jun 25, 2019 (Europe [EU])"", ""Dec 13, 2018 (Japan [JP])"", ""Dec 13, 2018 (Asia [AS])""]","[""PlayStation 4""]","[""Adventure"", ""Role-playing (RPG)""]","[""Action"", ""Drama"", ""Mystery"", ""Thriller""]","[""Sega Games"", ""Sega"", ""Ryu Ga Gotoku Studio""]",
90101,Super Smash Bros. Ultimate,https://www.igdb.com/g/1xit,8.654544414066981,Main Game,"[""Dec 07, 2018 (Worldwide [WW])"", ""Oct 25, 2022 (Brazil [BR])""]","[""Nintendo Switch""]","[""Fighting"", ""Platform""]","[""Action"", ""Fantasy"", ""Party"", ""Science fiction""]","[""Sora"", ""Bandai Namco Studios"", ""Nintendo""]",
26951,Pillars of Eternity II: Deadfire,https://www.igdb.com/g/ksn,8.263622839191967,Main Game,"[""Jan 28, 2020 (Worldwide [WW])"", ""May 08, 2018 (Worldwide [WW])"", ""May 08, 2018 (Worldwide [WW])"", ""Jan 28, 2020 (Worldwide [WW])"", ""May 08, 2018 (Worldwide [WW])"", ""2022 (Worldwide [WW])""]","[""Mac"", ""PC (Microsoft Windows)"", ""Nintendo Switch"", ""PlayStation 4"", ""Xbox One"", ""Linux""]","[""Adventure"", ""Role-playing (RPG)""]","[""Action"", ""Fantasy""]","[""Versus Evil"", ""Obsidian Entertainment"", ""Red Cerberus""]",
71628,The Messenger,https://www.igdb.com/g/1j9o,7.934420991111622,Main Game,"[""Jun 25, 2020 (Worldwide [WW])"", ""Mar 19, 2019 ()"", ""Aug 30, 2018 (Worldwide [WW])"", ""Jan 23, 2025 (Worldwide [WW])"", ""Aug 30, 2018 (Worldwide [WW])""]","[""PlayStation 5"", ""PC (Microsoft Windows)"", ""Nintendo Switch"", ""PlayStation 4"", ""Xbox One""]","[""Adventure"", ""Arcade"", ""Indie"", ""Platform""]","[""Action"", ""Comedy""]","[""Sabotage"", ""Devolver Digital""]",
27117,Into the Breach,https://www.igdb.com/g/kx9,8.245627391367133,Main Game,"[""Jul 19, 2022 (Worldwide [WW])"", ""Jul 19, 2022 (Worldwide [WW])"", ""Feb 27, 2018 (Worldwide [WW])"", ""Apr 20, 2020 (Worldwide [WW])"", ""Dec 01, 2020 (Worldwide [WW])"", ""Aug 28, 2018 (Worldwide [WW])"", ""Feb 27, 2018 (Worldwide [WW])""]","[""Mac"", ""PC (Microsoft Windows)"", ""Android"", ""Nintendo Switch"", ""Google Stadia"", ""iOS"", ""Linux""]","[""Indie"", ""Puzzle"", ""Role-playing (RPG)"", ""Simulator"", ""Strategy"", ""Turn-based strategy (TBS)""]","[""Science fiction""]","[""Subset Games""]",
87499,The Missing: J.J. Macfield and the Island of Memories,https://www.igdb.com/g/1vij,7.975753185413491,Main Game,"[""Oct 11, 2018 (Worldwide [WW])"", ""Oct 11, 2018 (Worldwide [WW])"", ""Oct 11, 2018 (Worldwide [WW])"", ""Oct 11, 2018 (Worldwide [WW])""]","[""PC (Microsoft Windows)"", ""Nintendo Switch"", ""PlayStation 4"", ""Xbox One""]","[""Adventure"", ""Indie"", ""Platform"", ""Puzzle""]","[""Action"", ""Mystery""]","[""White Owls Inc."", ""Arc System Works""]",
76723,Mega Man 11,https://www.igdb.com/g/1n77,7.730972557692927,Main Game,"[""Oct 04, 2018 (Japan [JP])"", ""Oct 04, 2018 (Japan [JP])"", ""Oct 04, 2018 (Japan [JP])"", ""Oct 02, 2018 (Worldwide [WW])"", ""Oct 02, 2018 (Worldwide [WW])"", ""Oct 02, 2018 (Worldwide [WW])"", ""Oct 02, 2018 (Worldwide [WW])"", ""Oct 04, 2018 (Japan [JP])""]","[""PC (Microsoft Windows)"", ""Nintendo Switch"", ""PlayStation 4"", ""Xbox One""]","[""Platform"", ""Shooter""]","[""Action"", ""Science fiction""]","[""Capcom"", ""Capcom Development Division 2""]",
36911,Dragon Ball FighterZ,https://www.igdb.com/g/shb,8.356044559928106,Main Game,"[""Jan 26, 2018 (Europe [EU])"", ""Jan 26, 2018 (Europe [EU])"", ""Sep 28, 2018 (North America [NA])"", ""Jan 26, 2018 (North America [NA])"", ""Sep 27, 2018 (Japan [JP])"", ""Jan 26, 2018 (Europe [EU])"", ""Feb 01, 2018 (Japan [JP])"", ""Jan 26, 2018 (North America [NA])"", ""Sep 28, 2018 (Europe [EU])"", ""Feb 01, 2018 (Japan [JP])"", ""Feb 29, 2024 (Worldwide [WW])"", ""Feb 29, 2024 (Worldwide [WW])"", ""Feb 29, 2024 (North America [NA])"", ""Jan 26, 2018 (North America [NA])"", ""Feb 01, 2018 (Japan [JP])""]","[""PlayStation 5"", ""Xbox Series X|S"", ""PC (Microsoft Windows)"", ""Nintendo Switch"", ""PlayStation 4"", ""Xbox One""]","[""Fighting""]","[""Action"", ""Fantasy"", ""Science fiction""]","[""Bandai Namco Entertainment"", ""Arc System Works""]",
26765,Octopath Traveler,https://www.igdb.com/g/knh,7.994062137672295,Main Game,"[""Oct 01, 2026 (Worldwide [WW])"", ""Mar 25, 2021 (North America [NA])"", ""Jul 13, 2018 (Worldwide [WW])"", ""Jun 05, 2024 (Worldwide [WW])"", ""Jun 05, 2024 (Worldwide [WW])"", ""Jun 07, 2019 (Worldwide [WW])"", ""Apr 28, 2020 (Worldwide [WW])"", ""Mar 24, 2021 (Worldwide [WW])""]","[""PlayStation 5"", ""Nintendo Switch 2"", ""PC (Microsoft Windows)"", ""Nintendo Switch"", ""PlayStation 4"", ""Google Stadia"", ""Xbox One""]","[""Adventure"", ""Role-playing (RPG)""]","[""Fantasy""]","[""Nintendo"", ""Square Enix Business Division 11"", ""Square Enix Business Division 6"", ""ACQUIRE Corp."", ""Team Asano"", ""Square Enix"", ""Square Enix Business Division 9""]",
102321,LEGO DC Super'-Villains,https://www.igdb.com/g/26y9,7.632140385957432,Main Game,"[""Oct 16, 2018 (Worldwide [WW])"", ""Oct 16, 2018 (Worldwide [WW])"", ""Jul 30, 2019 (Worldwide [WW])"", ""Oct 16, 2018 (Worldwide [WW])"", ""Oct 16, 2018 (Worldwide [WW])""]","[""Mac"", ""PC (Microsoft Windows)"", ""Nintendo Switch"", ""PlayStation 4"", ""Xbox One""]","[""Adventure"", ""Hack and slash/Beat 'em up"", ""Puzzle""]","[""Action"", ""Comedy"", ""Open world""]","[""WB Games"", ""Traveller's Tales""]",
14748,Ni no Kuni II: Revenant Kingdom,https://www.igdb.com/g/bdo,7.628732933153381,Main Game,"[""Mar 23, 2018 (Worldwide [WW])"", ""Mar 21, 2023 (Worldwide [WW])"", ""Mar 23, 2018 (Worldwide [WW])"", ""Sep 17, 2021 (Worldwide [WW])""]","[""PC (Microsoft Windows)"", ""Nintendo Switch"", ""PlayStation 4"", ""Xbox One""]","[""Adventure"", ""Role-playing (RPG)""]","[""Action"", ""Fantasy""]","[""Bandai Namco Entertainment"", ""LEVEL-5""]",
54996,Jurassic World Evolution,https://www.igdb.com/g/16fo,6.850739664171062,Main Game,"[""Jun 12, 2018 (Worldwide [WW])"", ""Jun 11, 2018 (Worldwide [WW])"", ""Jun 12, 2018 (Worldwide [WW])""]","[""PC (Microsoft Windows)"", ""PlayStation 4"", ""Xbox One""]","[""Simulator"", ""Strategy""]","[""Action"", ""Science fiction""]","[""Universal Pictures"", ""Frontier Developments""]",
19474,Gwent: The Witcher Card Game,https://www.igdb.com/g/f0y,7.7794816809835945,Main Game,"[""Mar 24, 2020 (Worldwide [WW])"", ""Oct 29, 2019 (Worldwide [WW])"", ""Oct 23, 2018 (Worldwide [WW])"", ""Dec 04, 2018 (Worldwide [WW])"", ""Dec 04, 2018 (Worldwide [WW])""]","[""PC (Microsoft Windows)"", ""Android"", ""PlayStation 4"", ""Xbox One"", ""iOS""]","[""Card & Board Game"", ""Role-playing (RPG)"", ""Strategy""]","[""Fantasy""]","[""CD Projekt RED""]",
82117,Two Point Hospital,https://www.igdb.com/g/1rd1,7.575213995956545,Main Game,"[""Aug 29, 2018 (Worldwide [WW])"", ""Aug 29, 2018 (Worldwide [WW])"", ""Feb 25, 2020 (Worldwide [WW])"", ""Aug 29, 2018 (Worldwide [WW])"", ""Feb 25, 2020 (Worldwide [WW])"", ""Feb 25, 2020 (Worldwide [WW])"", ""Apr 28, 2021 (Worldwide [WW])"", ""TBD (Worldwide [WW])"", ""TBD (Worldwide [WW])"", ""TBD (Worldwide [WW])""]","[""Mac"", ""PlayStation 5"", ""Xbox Series X|S"", ""Nintendo Switch 2"", ""PC (Microsoft Windows)"", ""Nintendo Switch"", ""PlayStation 4"", ""Xbox One"", ""Linux""]","[""Indie"", ""Simulator"", ""Strategy""]","[""Business"", ""Comedy""]","[""Two Point Studios"", ""Sega""]",
51448,BlazBlue: Cross Tag Battle,https://www.igdb.com/g/13p4,8.254284889884056,Main Game,"[""Apr 25, 2019 (Japan [JP])"", ""Jun 22, 2018 (Europe [EU])"", ""May 31, 2018 (Asia [AS])"", ""Jun 05, 2018 (North America [NA])"", ""Nov 20, 2019 (Worldwide [WW])"", ""Jun 05, 2018 (North America [NA])"", ""May 31, 2018 (Asia [AS])"", ""May 31, 2018 (Japan [JP])"", ""Jun 22, 2018 (Europe [EU])"", ""Jun 06, 2018 (Japan [JP])"", ""Jun 06, 2018 (Asia [AS])"", ""May 31, 2018 (Japan [JP])""]","[""PC (Microsoft Windows)"", ""Nintendo Switch"", ""PlayStation 4"", ""Arcade""]","[""Adventure"", ""Arcade"", ""Fighting""]","[""Action"", ""Fantasy""]","[""Arc System Works"", ""PQube"", ""Arc System Works America""]",
81145,Mario Tennis Aces,https://www.igdb.com/g/1qm1,7.085254824705114,Main Game,"[""Jun 22, 2018 (Worldwide [WW])"", ""Jun 22, 2018 (North America [NA])""]","[""Nintendo Switch""]","[""Adventure"", ""Sport""]","[""Action""]","[""Camelot Software Planning"", ""Nintendo"", ""Camelot""]",
9176,Call of Cthulhu,https://www.igdb.com/g/72w,6.916696130487811,Main Game,"[""Oct 07, 2019 (Europe [EU])"", ""Oct 29, 2018 (Worldwide [WW])"", ""Oct 30, 2018 (Worldwide [WW])"", ""Oct 08, 2019 (Worldwide [WW])"", ""Oct 30, 2018 (Worldwide [WW])""]","[""PC (Microsoft Windows)"", ""Nintendo Switch"", ""PlayStation 4"", ""Xbox One""]","[""Adventure"", ""Role-playing (RPG)""]","[""Action"", ""Horror"", ""Thriller""]","[""Cyanide Studio"", ""Focus Entertainment""]",
37179,Sushi Striker: The Way of Sushido,https://www.igdb.com/g/sor,5.4983000888274915,Main Game,"[""Jun 07, 2018 (North America [NA])"", ""Jun 08, 2018 (Worldwide [WW])"", ""Jun 08, 2018 (Worldwide [WW])""]","[""Nintendo Switch"", ""Nintendo 3DS""]","[""Puzzle"", ""Role-playing (RPG)""]","[""Action""]","[""indieszero Co., Ltd."", ""Nintendo Entertainment Planning & Development"", ""Nintendo""]",
37066,Starlink: Battle for Atlas,https://www.igdb.com/g/slm,7.6864945808093825,Main Game,"[""Oct 16, 2018 (Worldwide [WW])"", ""Apr 30, 2019 (Worldwide [WW])"", ""Oct 16, 2018 (Worldwide [WW])""]","[""PC (Microsoft Windows)"", ""PlayStation 4"", ""Xbox One""]","[""Adventure"", ""Arcade"", ""Real Time Strategy (RTS)"", ""Role-playing (RPG)"", ""Shooter"", ""Simulator"", ""Strategy""]","[""Action"", ""Science fiction""]","[""Ubisoft Entertainment"", ""Red Storm Entertainment"", ""Ubisoft Toronto""]",
37032,Blade Strangers,https://www.igdb.com/g/sko,6.0,Main Game,"[""Aug 27, 2018 (Worldwide [WW])"", ""Aug 30, 2018 (Japan [JP])"", ""Aug 28, 2018 (North America [NA])"", ""Aug 28, 2018 (North America [NA])"", ""Aug 28, 2018 (Europe [EU])"", ""Aug 28, 2018 (Europe [EU])"", ""Aug 30, 2018 (Japan [JP])""]","[""PC (Microsoft Windows)"", ""Nintendo Switch"", ""PlayStation 4""]","[""Arcade"", ""Fighting""]","[""Action""]","[""Studio Saizensen"", ""Nicalis, Inc.""]",
83727,Call of Duty: Black Ops 4,https://www.igdb.com/g/1slr,6.678060578378926,Main Game,"[""Oct 12, 2018 (Worldwide [WW])"", ""Oct 12, 2018 (Worldwide [WW])"", ""Oct 12, 2018 (Worldwide [WW])""]","[""PC (Microsoft Windows)"", ""PlayStation 4"", ""Xbox One""]","[""Shooter""]","[""Action"", ""Warfare""]","[""Treyarch"", ""Activision"", ""Raven Software"", ""Beenox""]",
81146,SNK Heroines: Tag Team Frenzy,https://www.igdb.com/g/1qm2,5.990805768644638,Main Game,"[""Sep 07, 2018 (North America [NA])"", ""Sep 06, 2018 (Japan [JP])"", ""Sep 07, 2018 (Europe [EU])"", ""Oct 11, 2018 (Japan [JP])"", ""Sep 06, 2018 (Japan [JP])"", ""Sep 07, 2018 (North America [NA])"", ""Sep 07, 2018 (Europe [EU])"", ""Feb 21, 2019 (Worldwide [WW])""]","[""PC (Microsoft Windows)"", ""Nintendo Switch"", ""PlayStation 4"", ""Arcade""]","[""Arcade"", ""Fighting""]","[""Action"", ""Fantasy""]","[""NIS America"", ""SNK"", ""Abstraction Games""]",
30847,Fear Effect Sedna,https://www.igdb.com/g/nsv,6.0,Main Game,"[""Mar 06, 2018 (Worldwide [WW])"", ""Mar 06, 2018 (Worldwide [WW])"", ""Mar 06, 2018 (Worldwide [WW])"", ""Mar 06, 2018 (Worldwide [WW])""]","[""PC (Microsoft Windows)"", ""Nintendo Switch"", ""PlayStation 4"", ""Xbox One""]","[""Adventure"", ""Puzzle"", ""Role-playing (RPG)"", ""Shooter"", ""Strategy"", ""Tactical""]","[""Action"", ""Fantasy"", ""Science fiction""]","[""Forever Entertainment S.A."", ""Sushee"", ""Square Enix""]",
103020,Fallout 76,https://www.igdb.com/g/27ho,6.106925929587351,Main Game,"[""Apr 14, 2020 (North America [NA])"", ""Nov 14, 2018 (Worldwide [WW])"", ""Nov 14, 2018 (Worldwide [WW])"", ""Nov 14, 2018 (Worldwide [WW])"", ""Q3 2026 (Worldwide [WW])"", ""Q3 2026 (Worldwide [WW])""]","[""PlayStation 5"", ""Xbox Series X|S"", ""PC (Microsoft Windows)"", ""PlayStation 4"", ""Xbox One""]","[""Role-playing (RPG)"", ""Shooter""]","[""Action"", ""Open world"", ""Science fiction"", ""Survival""]","[""Bethesda Game Studios"", ""Bethesda Softworks""]",
22703,Metal Gear Survive,https://www.igdb.com/g/hin,2.9929571177319687,Main Game,"[""Feb 20, 2018 (North America [NA])"", ""Feb 21, 2018 (Worldwide [WW])"", ""Feb 22, 2018 (Europe [EU])"", ""Feb 22, 2018 (Europe [EU])"", ""Feb 20, 2018 (North America [NA])""]","[""PC (Microsoft Windows)"", ""PlayStation 4"", ""Xbox One""]","[""Adventure"", ""Shooter"", ""Strategy""]","[""Action"", ""Science fiction"", ""Survival""]","[""Konami""]",
26758,Super Mario Odyssey,https://www.igdb.com/g/kna,8.890551371238235,Main Game,"[""Oct 27, 2017 (Worldwide [WW])"", ""Jun 05, 2025 (Worldwide [WW])"", ""Oct 25, 2022 (Brazil [BR])""]","[""Nintendo Switch 2"", ""Nintendo Switch""]","[""Adventure"", ""Platform""]","[""Action"", ""Fantasy"", ""Open world"", ""Sandbox""]","[""Nintendo"", ""1-UP Studio"", ""Nintendo EPD Production Group No. 8"", ""Panic Button Games""]",
11800,Divinity: Original Sin II,https://www.igdb.com/g/93s,8.77163117649635,Main Game,"[""Jan 31, 2019 (Worldwide [WW])"", ""Sep 14, 2017 (North America [NA])"", ""Sep 14, 2017 (Worldwide [WW])""]","[""Mac"", ""PC (Microsoft Windows)""]","[""Adventure"", ""Role-playing (RPG)"", ""Strategy""]","[""Fantasy""]","[""Larian Studios"", ""Elverils LLC""]",
9061,Cuphead,https://www.igdb.com/g/6zp,8.484704385286545,Main Game,"[""Oct 18, 2018 (Worldwide [WW])"", ""Jul 28, 2020 (Worldwide [WW])"", ""Apr 18, 2019 (Worldwide [WW])"", ""Sep 29, 2017 (North America [NA])"", ""Sep 29, 2017 (Worldwide [WW])"", ""Sep 29, 2017 (Worldwide [WW])""]","[""Mac"", ""PC (Microsoft Windows)"", ""Nintendo Switch"", ""PlayStation 4"", ""Xbox One""]","[""Adventure"", ""Arcade"", ""Indie"", ""Platform"", ""Shooter""]","[""Action"", ""Comedy"", ""Fantasy""]","[""Studio MDHR""]",
19562,Resident Evil 7: Biohazard,https://www.igdb.com/g/f3e,8.414997285940412,Main Game,"[""Jan 26, 2017 (Japan [JP])"", ""Jan 26, 2017 (Japan [JP])"", ""Jun 14, 2022 (Europe [EU])"", ""Jan 24, 2017 (Worldwide [WW])"", ""Feb 27, 2026 (Worldwide [WW])"", ""Apr 01, 2021 (Worldwide [WW])"", ""Jul 02, 2024 (Worldwide [WW])"", ""Jul 02, 2024 (Worldwide [WW])"", ""Jan 24, 2017 (Worldwide [WW])"", ""Jun 13, 2022 (North America [NA])"", ""Jan 26, 2017 (Worldwide [WW])"", ""Jan 26, 2017 (Japan [JP])"", ""Jan 24, 2017 (Worldwide [WW])"", ""Jun 13, 2022 (North America [NA])"", ""Jun 14, 2022 (Europe [EU])""]","[""Mac"", ""PlayStation 5"", ""Xbox Series X|S"", ""Nintendo Switch 2"", ""PlayStation VR"", ""PC (Microsoft Windows)"", ""PlayStation 4"", ""Google Stadia"", ""Xbox One"", ""iOS""]","[""Adventure"", ""Puzzle"", ""Shooter""]","[""Action"", ""Horror"", ""Survival""]","[""Capcom"", ""Capcom Development Division 1""]",
21062,Sonic Mania,https://www.igdb.com/g/g92,8.336879539811097,Main Game,"[""Aug 29, 2017 (Worldwide [WW])"", ""Aug 15, 2017 (Worldwide [WW])"", ""Aug 15, 2017 (Worldwide [WW])"", ""Aug 15, 2017 (Worldwide [WW])""]","[""PC (Microsoft Windows)"", ""Nintendo Switch"", ""PlayStation 4"", ""Xbox One""]","[""Adventure"", ""Platform""]","[""Action"", ""Kids""]","[""Headcannon"", ""PagodaWest Games"", ""Tantalus Media"", ""Christian Whitehead"", ""Sega"", ""Hyperkinetic Studios"", ""Sega Games""]",
19531,Prey,https://www.igdb.com/g/f2j,8.056083398397389,Main Game,"[""May 18, 2017 (Japan [JP])"", ""May 04, 2017 (Worldwide [WW])"", ""May 05, 2017 (Australia [AU])"", ""May 05, 2017 (North America [NA])"", ""May 05, 2017 (Europe [EU])"", ""May 05, 2017 (Europe [EU])"", ""May 05, 2017 (Australia [AU])"", ""May 18, 2017 (Japan [JP])"", ""May 05, 2017 (North America [NA])""]","[""PC (Microsoft Windows)"", ""PlayStation 4"", ""Xbox One""]","[""Adventure"", ""Puzzle"", ""Role-playing (RPG)"", ""Shooter""]","[""Action"", ""Horror"", ""Science fiction"", ""Stealth"", ""Survival""]","[""Arkane Studios"", ""Bethesda Softworks""]",
26766,Xenoblade Chronicles 2,https://www.igdb.com/g/kni,8.997009262631044,Main Game,"[""Dec 01, 2017 (Worldwide [WW])""]","[""Nintendo Switch""]","[""Adventure"", ""Role-playing (RPG)""]","[""Action"", ""Fantasy"", ""Science fiction""]","[""Nintendo"", ""Monolith Soft""]",
26840,Fire Emblem Echoes: Shadows of Valentia,https://www.igdb.com/g/kpk,8.388879190965472,Remake,"[""Apr 20, 2017 (Japan [JP])"", ""May 19, 2017 (Europe [EU])"", ""Jul 13, 2017 (Korea [KR])"", ""May 20, 2017 (Australia [AU])"", ""May 18, 2017 (North America [NA])""]","[""Nintendo 3DS""]","[""Adventure"", ""Role-playing (RPG)"", ""Turn-based strategy (TBS)""]","[""Fantasy"", ""Warfare""]","[""Nintendo"", ""Intelligent Systems""]",
12528,Gravity Rush 2,https://www.igdb.com/g/9o0,7.515316218397292,Main Game,"[""Jan 18, 2017 (Europe [EU])"", ""Jan 20, 2017 (North America [NA])"", ""Jan 19, 2017 (Japan [JP])""]","[""PlayStation 4""]","[""Adventure"", ""Platform""]","[""Action""]","[""Sony Interactive Entertainment"", ""SIE Japan Studio""]",
36813,The Evil Within 2,https://www.igdb.com/g/sel,8.179574640808575,Main Game,"[""Oct 19, 2017 (Japan [JP])"", ""Oct 12, 2017 (Worldwide [WW])"", ""Oct 13, 2017 (Worldwide [WW])"", ""Oct 13, 2017 (North America [NA])"", ""Oct 13, 2017 (Europe [EU])"", ""Oct 13, 2017 (North America [NA])"", ""Oct 19, 2017 (Japan [JP])"", ""Oct 19, 2017 (Japan [JP])"", ""Oct 13, 2017 (Worldwide [WW])"", ""Oct 13, 2017 (Europe [EU])""]","[""PC (Microsoft Windows)"", ""PlayStation 4"", ""Xbox One""]","[""Adventure"", ""Role-playing (RPG)"", ""Shooter""]","[""Action"", ""Horror"", ""Stealth"", ""Survival""]","[""Tango Gameworks"", ""Bethesda Softworks""]",
26761,Splatoon 2,https://www.igdb.com/g/knd,8.178981110118904,Main Game,"[""Jul 21, 2017 (Worldwide [WW])""]","[""Nintendo Switch""]","[""Platform"", ""Shooter""]","[""Action"", ""Science fiction""]","[""Nintendo EPD Production Group No. 5"", ""Nintendo""]",
36952,Wolfenstein II: The New Colossus,https://www.igdb.com/g/sig,8.154294615007725,Main Game,"[""Nov 23, 2017 (Japan [JP])"", ""Nov 23, 2017 (Japan [JP])"", ""Jun 29, 2018 (Worldwide [WW])"", ""Oct 27, 2017 (Worldwide [WW])"", ""Oct 27, 2017 (Worldwide [WW])"", ""Oct 26, 2017 (Worldwide [WW])""]","[""PC (Microsoft Windows)"", ""Nintendo Switch"", ""PlayStation 4"", ""Xbox One""]","[""Adventure"", ""Shooter""]","[""Action"", ""Fantasy"", ""Historical"", ""Science fiction""]","[""id Software"", ""Panic Button Games"", ""Bethesda Softworks"", ""MachineGames""]",
7603,Hellblade: Senua's Sacrifice,https://www.igdb.com/g/5v7,8.41723452904488,Main Game,"[""Aug 12, 2025 (Worldwide [WW])"", ""Aug 09, 2021 (Worldwide [WW])"", ""Apr 11, 2019 (Worldwide [WW])"", ""Aug 07, 2017 (Worldwide [WW])"", ""Aug 08, 2017 (Worldwide [WW])"", ""Apr 10, 2018 (Worldwide [WW])""]","[""PlayStation 5"", ""Xbox Series X|S"", ""PC (Microsoft Windows)"", ""Nintendo Switch"", ""PlayStation 4"", ""Xbox One""]","[""Adventure"", ""Hack and slash/Beat 'em up"", ""Indie"", ""Simulator""]","[""Action"", ""Fantasy"", ""Historical""]","[""Ninja Theory"", ""Xbox Game Studios""]",
26202,Nex Machina,https://www.igdb.com/g/k7u,8.01185071138706,Main Game,"[""Jun 20, 2017 (Worldwide [WW])"", ""Jun 20, 2017 (Worldwide [WW])""]","[""PC (Microsoft Windows)"", ""PlayStation 4""]","[""Arcade"", ""Indie"", ""Shooter""]","[""Action"", ""Science fiction""]","[""Housemarque""]",
55935,Doki Doki Literature Club!,https://www.igdb.com/g/175r,8.187166212569482,Main Game,"[""Sep 22, 2017 (Worldwide [WW])"", ""Dec 10, 2025 (Worldwide [WW])"", ""Sep 22, 2017 (Worldwide [WW])"", ""Sep 22, 2017 (Worldwide [WW])"", ""Dec 03, 2025 (Worldwide [WW])""]","[""Mac"", ""PC (Microsoft Windows)"", ""Android"", ""iOS"", ""Linux""]","[""Adventure"", ""Indie"", ""Visual Novel""]","[""Horror"", ""Romance""]","[""Team Salvato"", ""Serenity Forge""]",
28414,Mario '+ Rabbids Kingdom Battle,https://www.igdb.com/g/lxa,7.72582436083334,Main Game,"[""Aug 29, 2017 (Worldwide [WW])"", ""Jan 18, 2018 (Japan [JP])"", ""Aug 29, 2017 (Europe [EU])""]","[""Nintendo Switch""]","[""Adventure"", ""Puzzle"", ""Role-playing (RPG)"", ""Strategy"", ""Tactical""]","[""Action"", ""Comedy"", ""Fantasy""]","[""Ubisoft Milan"", ""Ubisoft Paris"", ""Ubisoft Entertainment""]",
19470,Injustice 2,https://www.igdb.com/g/f0u,8.093118102717126,Main Game,"[""May 19, 2017 (Europe [EU])"", ""May 16, 2017 (North America [NA])"", ""May 16, 2017 (Europe [EU])"", ""Nov 14, 2017 (Worldwide [WW])"", ""May 16, 2017 (North America [NA])""]","[""PC (Microsoft Windows)"", ""PlayStation 4"", ""Xbox One""]","[""Fighting""]","[""Action""]","[""NetherRealm Studios"", ""QLOC"", ""WB Games""]",
12511,Battle Chasers: Nightwar,https://www.igdb.com/g/9nj,7.868728087875865,Main Game,"[""Oct 03, 2017 (Worldwide [WW])"", ""Aug 01, 2019 (Worldwide [WW])"", ""Oct 03, 2017 (Worldwide [WW])"", ""May 28, 2018 (Worldwide [WW])"", ""Oct 03, 2017 (Worldwide [WW])"", ""Aug 01, 2019 ()"", ""Oct 03, 2017 (Worldwide [WW])"", ""May 15, 2018 (Worldwide [WW])""]","[""Mac"", ""PC (Microsoft Windows)"", ""Android"", ""Nintendo Switch"", ""PlayStation 4"", ""Xbox One"", ""iOS"", ""Linux""]","[""Indie"", ""Role-playing (RPG)"", ""Strategy"", ""Turn-based strategy (TBS)""]","[""Action"", ""Fantasy""]","[""Airship Syndicate"", ""THQ Nordic""]",
41051,Pinball FX3,https://www.igdb.com/g/vob,7.892040104150024,Main Game,"[""Sep 26, 2017 (Worldwide [WW])"", ""Sep 26, 2017 (Worldwide [WW])"", ""Dec 12, 2017 (Worldwide [WW])"", ""Sep 26, 2017 (North America [NA])"", ""Sep 26, 2017 (Worldwide [WW])""]","[""PC (Microsoft Windows)"", ""Nintendo Switch"", ""PlayStation 4"", ""Xbox One""]","[""Arcade"", ""Pinball"", ""Simulator""]","[""Fantasy"", ""Science fiction""]","[""Zen Studios""]",
9674,Star Fox 2,https://www.igdb.com/g/7gq,6.979056048209917,Main Game,"[""Oct 05, 2017 (Japan [JP])"", ""Sep 30, 2017 (Australia [AU])"", ""1995 (Japan [JP])"", ""Sep 29, 2017 (North America [NA])"", ""Sep 29, 2017 (Europe [EU])"", ""1995 (North America [NA])"", ""1995 (Europe [EU])""]","[""Super Nintendo Entertainment System"", ""Super Famicom""]","[""Platform"", ""Real Time Strategy (RTS)"", ""Shooter"", ""Strategy""]","[""Action"", ""Science fiction""]","[""Argonaut Games"", ""Nintendo""]",
28204,Call of Duty: WWII,https://www.igdb.com/g/lrg,7.42968716820423,Main Game,"[""Nov 02, 2017 (Worldwide [WW])"", ""Nov 03, 2017 (North America [NA])"", ""Nov 03, 2017 (Worldwide [WW])"", ""Nov 03, 2017 (North America [NA])"", ""Nov 03, 2017 (Worldwide [WW])"", ""Nov 03, 2017 (Europe [EU])""]","[""PC (Microsoft Windows)"", ""PlayStation 4"", ""Xbox One""]","[""Shooter""]","[""Action"", ""Historical"", ""Warfare""]","[""Sledgehammer Games"", ""Raven Software"", ""Activision""]",
24974,Tiny Metal,https://www.igdb.com/g/j9q,8.0,Main Game,"[""Dec 21, 2017 (Worldwide [WW])"", ""Dec 21, 2017 (Worldwide [WW])"", ""Dec 21, 2017 (Worldwide [WW])"", ""Dec 21, 2017 (Worldwide [WW])""]","[""Mac"", ""PC (Microsoft Windows)"", ""Nintendo Switch"", ""PlayStation 4""]","[""Indie"", ""Simulator"", ""Strategy"", ""Tactical"", ""Turn-based strategy (TBS)""]","[""Action"", ""Science fiction"", ""Warfare""]","[""Area 34"", ""Unties"", ""Project Milk""]",
26760,Super Bomberman R,https://www.igdb.com/g/knc,6.150474346863145,Main Game,"[""Jun 12, 2018 (North America [NA])"", ""Jun 12, 2018 (Worldwide [WW])"", ""Jun 14, 2018 (Worldwide [WW])"", ""Jun 12, 2018 (North America [NA])"", ""Jun 14, 2018 (Worldwide [WW])"", ""Mar 03, 2017 (Worldwide [WW])""]","[""PC (Microsoft Windows)"", ""Nintendo Switch"", ""PlayStation 4"", ""Xbox One""]","[""Arcade"", ""Puzzle"", ""Strategy""]","[""Action"", ""Party""]","[""Konami"", ""HexaDrive"", ""M2""]",
23212,Aven Colony,https://www.igdb.com/g/hws,6.325808510042353,Main Game,"[""Jul 25, 2017 (Worldwide [WW])"", ""Jul 25, 2017 (Worldwide [WW])"", ""Jul 25, 2017 (Worldwide [WW])""]","[""PC (Microsoft Windows)"", ""PlayStation 4"", ""Xbox One""]","[""Indie"", ""Simulator"", ""Strategy""]","[""Sandbox"", ""Science fiction"", ""Survival""]","[""Mothership Entertainment"", ""Team17""]",
7349,Mass Effect: Andromeda,https://www.igdb.com/g/5o5,7.037010400385011,Main Game,"[""Mar 23, 2017 (Europe [EU])"", ""Mar 21, 2017 (North America [NA])"", ""Mar 22, 2017 (Europe [EU])"", ""Mar 23, 2017 (Europe [EU])"", ""Mar 21, 2017 (North America [NA])"", ""Mar 21, 2017 (North America [NA])""]","[""PC (Microsoft Windows)"", ""PlayStation 4"", ""Xbox One""]","[""Adventure"", ""Role-playing (RPG)"", ""Shooter""]","[""Action"", ""Science fiction""]","[""BioWare"", ""Electronic Arts"", ""BioWare Montréal""]",
58630,Animal Crossing: Pocket Camp,https://www.igdb.com/g/198m,6.008741009167912,Main Game,"[""Nov 22, 2017 (Worldwide [WW])"", ""Oct 25, 2017 (Australia [AU])"", ""Nov 22, 2017 (Worldwide [WW])"", ""Oct 25, 2017 (Australia [AU])"", ""Nov 28, 2024 (Worldwide [WW])"", ""Nov 28, 2024 (Worldwide [WW])""]","[""Android"", ""iOS""]","[""Simulator""]","[""Kids"", ""Sandbox""]","[""Nintendo Entertainment Planning & Development"", ""Nintendo""]",
26197,Marvel vs. Capcom: Infinite,https://www.igdb.com/g/k7p,7.291409917096067,Main Game,"[""Sep 19, 2017 (Worldwide [WW])"", ""Sep 19, 2017 (Worldwide [WW])"", ""Sep 19, 2017 (Worldwide [WW])""]","[""PC (Microsoft Windows)"", ""PlayStation 4"", ""Xbox One""]","[""Fighting""]","[""Action"", ""Science fiction""]","[""Capcom""]",
26841,Fire Emblem Heroes,https://www.igdb.com/g/kpl,6.2363530249100885,Main Game,"[""Feb 02, 2017 (North America [NA])"", ""Feb 02, 2017 (Europe [EU])"", ""Feb 02, 2017 (Worldwide [WW])"", ""Feb 02, 2017 (Worldwide [WW])""]","[""Android"", ""Legacy Mobile Device"", ""iOS""]","[""Role-playing (RPG)"", ""Simulator"", ""Strategy"", ""Turn-based strategy (TBS)""]","[""Action"", ""Fantasy"", ""Historical"", ""Warfare""]","[""Nintendo"", ""Nintendo Entertainment Planning & Development"", ""Intelligent Systems""]",
41827,School Girl/Zombie Hunter,https://www.igdb.com/g/w9v,6.0,Main Game,"[""Nov 17, 2017 (Europe [EU])"", ""Jan 12, 2017 (Japan [JP])"", ""Nov 17, 2017 (North America [NA])"", ""Jun 05, 2018 (Worldwide [WW])""]","[""PC (Microsoft Windows)"", ""PlayStation 4""]","[""Hack and slash/Beat 'em up"", ""Shooter""]","[""Action"", ""Fantasy"", ""Horror""]","[""Aksys Games"", ""D3 Publisher"", ""Tamsoft""]",
26772,NBA 2K18,https://www.igdb.com/g/kno,6.549873715417019,Main Game,"[""Sep 20, 2017 (Worldwide [WW])"", ""Sep 19, 2017 (Worldwide [WW])"", ""Sep 15, 2017 (Worldwide [WW])"", ""Oct 02, 2017 (China [CH])"", ""Dec 13, 2017 (Worldwide [WW])"", ""Sep 19, 2017 (Worldwide [WW])"", ""Sep 19, 2017 (Worldwide [WW])""]","[""PC (Microsoft Windows)"", ""Android"", ""Nintendo Switch"", ""PlayStation 4"", ""Xbox One"", ""iOS""]","[""Simulator"", ""Sport""]","[""Action"", ""Non-fiction""]","[""2K Games"", ""Visual Concepts""]",
14673,Valkyria Revolution,https://www.igdb.com/g/bbl,,Main Game,"[""Jun 27, 2017 (North America [NA])"", ""Jun 30, 2017 (Europe [EU])"", ""Jun 30, 2017 (Europe [EU])"", ""Jun 27, 2017 (North America [NA])"", ""Jan 19, 2017 (Japan [JP])"", ""Jun 30, 2017 (Europe [EU])"", ""Jun 27, 2017 (North America [NA])"", ""Jan 19, 2017 (Japan [JP])""]","[""PlayStation 4"", ""Xbox One"", ""PlayStation Vita""]","[""Role-playing (RPG)"", ""Strategy""]","[""Action"", ""Fantasy"", ""Warfare""]","[""Deep Silver"", ""Sega"", ""Media.Vision"", ""Sega CS3"", ""Sega Games""]",
21063,Sonic Forces,https://www.igdb.com/g/g93,5.545963203827895,Main Game,"[""Nov 07, 2017 (Worldwide [WW])"", ""Nov 07, 2017 (North America [NA])"", ""Nov 07, 2017 (Worldwide [WW])"", ""Nov 09, 2017 (Japan [JP])"", ""Nov 07, 2017 (Worldwide [WW])"", ""Nov 09, 2017 (Japan [JP])"", ""Nov 07, 2017 (Worldwide [WW])"", ""Nov 07, 2017 (Europe [EU])"", ""Nov 09, 2017 (Japan [JP])"", ""Nov 09, 2017 (Japan [JP])""]","[""PC (Microsoft Windows)"", ""Nintendo Switch"", ""PlayStation 4"", ""Xbox One""]","[""Platform""]","[""Action"", ""Fantasy"", ""Science fiction""]","[""Sonic Team"", ""Sega Games"", ""Sega""]",
15465,VA'-11 Hall'-A: Cyberpunk Bartender Action,https://www.igdb.com/g/bxl,8.515781307676491,Main Game,"[""Nov 14, 2017 (North America [NA])"", ""Jun 21, 2016 (Worldwide [WW])"", ""May 30, 2019 (Japan [JP])"", ""May 02, 2019 (Europe [EU])"", ""Apr 20, 2018 (Europe [EU])"", ""TBD ()"", ""May 30, 2019 (Japan [JP])"", ""May 02, 2019 (North America [NA])"", ""May 02, 2019 (North America [NA])"", ""Jun 21, 2016 (Worldwide [WW])"", ""Jun 21, 2016 (Worldwide [WW])"", ""Nov 16, 2017 (Japan [JP])""]","[""Mac"", ""PC (Microsoft Windows)"", ""Nintendo Switch"", ""PlayStation 4"", ""iOS"", ""PlayStation Vita"", ""Linux""]","[""Adventure"", ""Indie"", ""Simulator"", ""Visual Novel""]","[""Science fiction""]","[""SUKEBAN"", ""Ysbryd Games"", ""IMBA Interactive""]",
17447,Titanfall 2,https://www.igdb.com/g/dgn,8.321723763661643,Main Game,"[""Oct 28, 2016 (Worldwide [WW])"", ""Oct 28, 2016 (Worldwide [WW])"", ""Oct 28, 2016 (North America [NA])"", ""Oct 28, 2016 (Europe [EU])"", ""Oct 28, 2016 (North America [NA])"", ""Oct 28, 2016 (Worldwide [WW])""]","[""PC (Microsoft Windows)"", ""PlayStation 4"", ""Xbox One""]","[""Adventure"", ""Shooter""]","[""Action"", ""Science fiction""]","[""Respawn Entertainment"", ""Electronic Arts""]",
12527,Yakuza 6: The Song of Life,https://www.igdb.com/g/9nz,8.360111792175449,Main Game,"[""Dec 08, 2016 (Japan [JP])"", ""Apr 17, 2018 (North America [NA])"", ""Apr 17, 2018 (Europe [EU])"", ""Mar 25, 2021 (Worldwide [WW])"", ""Mar 25, 2021 (Worldwide [WW])""]","[""PC (Microsoft Windows)"", ""PlayStation 4"", ""Xbox One""]","[""Adventure"", ""Hack and slash/Beat 'em up"", ""Role-playing (RPG)""]","[""Action"", ""Drama"", ""Open world""]","[""Sega"", ""Sega Games"", ""Ryu Ga Gotoku Studio""]",
10919,XCOM 2,https://www.igdb.com/g/8fb,8.262335719452786,Main Game,"[""Sep 27, 2016 (North America [NA])"", ""Feb 05, 2016 (Worldwide [WW])"", ""Feb 05, 2016 (Worldwide [WW])"", ""Feb 04, 2016 (North America [NA])"", ""Sep 27, 2016 ()"", ""Sep 30, 2016 (Europe [EU])"", ""Apr 07, 2016 (Worldwide [WW])"", ""May 29, 2020 (Worldwide [WW])"", ""Sep 27, 2016 (North America [NA])"", ""Sep 27, 2016 ()"", ""Feb 04, 2016 (North America [NA])"", ""Feb 04, 2016 (North America [NA])""]","[""Mac"", ""PC (Microsoft Windows)"", ""Nintendo Switch"", ""PlayStation 4"", ""Xbox One"", ""Linux""]","[""Role-playing (RPG)"", ""Simulator"", ""Strategy"", ""Tactical"", ""Turn-based strategy (TBS)""]","[""Science fiction""]","[""2K Games"", ""Firaxis Games"", ""Feral Interactive""]",
11157,Hitman,https://www.igdb.com/g/8lx,8.021116124779265,Main Game,"[""Feb 16, 2017 (Worldwide [WW])"", ""Mar 11, 2016 (Worldwide [WW])"", ""Sep 01, 2020 (Worldwide [WW])"", ""Jun 21, 2017 (Worldwide [WW])"", ""Mar 11, 2016 (Worldwide [WW])"", ""Mar 11, 2016 (Worldwide [WW])""]","[""Mac"", ""PC (Microsoft Windows)"", ""PlayStation 4"", ""Google Stadia"", ""Xbox One"", ""Linux""]","[""Adventure"", ""Shooter"", ""Tactical""]","[""Action"", ""Open world"", ""Stealth""]","[""Square Enix"", ""Nixxes Software"", ""Feral Interactive"", ""Mi'pu'mi Games"", ""Sumo Digital"", ""IO Interactive""]",
18812,Tales of Berseria,https://www.igdb.com/g/eik,7.9091832089393845,Main Game,"[""Jan 24, 2017 (North America [NA])"", ""Aug 18, 2016 (Japan [JP])"", ""Aug 18, 2016 (Japan [JP])"", ""Jan 26, 2017 (Worldwide [WW])"", ""Jan 27, 2017 (Europe [EU])""]","[""PlayStation 3"", ""PC (Microsoft Windows)"", ""PlayStation 4""]","[""Role-playing (RPG)""]","[""Action"", ""Fantasy"", ""Open world""]","[""Bandai Namco Entertainment Europe"", ""Bandai Namco Entertainment America"", ""Bandai Namco Entertainment"", ""Bandai Namco Studios""]",
117,The Last Guardian,https://www.igdb.com/g/39,8.269382413030286,Main Game,"[""Dec 09, 2016 (Europe [EU])"", ""Dec 06, 2016 (Japan [JP])"", ""Dec 06, 2016 (North America [NA])"", ""Dec 07, 2016 (Australia [AU])""]","[""PlayStation 4""]","[""Adventure"", ""Platform"", ""Puzzle""]","[""Action""]","[""Team Ico"", ""SIE Japan Studio"", ""genDESIGN"", ""Sony Interactive Entertainment""]",
19130,Sid Meier's Civilization VI,https://www.igdb.com/g/ere,8.006201418064855,Main Game,"[""Dec 21, 2017 (Worldwide [WW])"", ""Feb 09, 2017 (Worldwide [WW])"", ""Oct 20, 2016 (North America [NA])"", ""Oct 24, 2016 (Worldwide [WW])"", ""Oct 20, 2016 (North America [NA])"", ""Oct 13, 2021 (Europe [EU])"", ""Nov 16, 2018 (Worldwide [WW])"", ""Oct 21, 2016 (Worldwide [WW])"", ""Oct 20, 2016 (North America [NA])"", ""Nov 22, 2019 (Worldwide [WW])"", ""Nov 22, 2019 (Worldwide [WW])"", ""Aug 13, 2020 (Worldwide [WW])""]","[""Mac"", ""PC (Microsoft Windows)"", ""Android"", ""Nintendo Switch"", ""PlayStation 4"", ""Xbox One"", ""iOS"", ""Linux""]","[""Simulator"", ""Strategy"", ""Turn-based strategy (TBS)""]","[""4X (explore, expand, exploit, and exterminate)"", ""Fantasy"", ""Historical""]","[""Aspyr Media"", ""Firaxis Games"", ""2K Games""]",
8965,Darkest Dungeon,https://www.igdb.com/g/6x1,8.14831215515871,Main Game,"[""Jan 19, 2016 (Worldwide [WW])"", ""Mar 27, 2016 (Worldwide [WW])"", ""Apr 26, 2016 (Worldwide [WW])"", ""Aug 24, 2017 (Worldwide [WW])"", ""Sep 27, 2016 (Worldwide [WW])"", ""Jan 19, 2016 (Worldwide [WW])"", ""Feb 03, 2015 (Worldwide [WW])"", ""Feb 03, 2015 (Worldwide [WW])"", ""Feb 28, 2018 (Worldwide [WW])"", ""Jan 18, 2018 (Worldwide [WW])"", ""Sep 27, 2016 (Worldwide [WW])""]","[""Mac"", ""PC (Microsoft Windows)"", ""Nintendo Switch"", ""PlayStation 4"", ""Xbox One"", ""iOS"", ""PlayStation Vita"", ""Linux""]","[""Adventure"", ""Indie"", ""Role-playing (RPG)"", ""Strategy"", ""Tactical"", ""Turn-based strategy (TBS)""]","[""Fantasy"", ""Historical"", ""Horror"", ""Mystery""]","[""BlitWorks"", ""Red Hook Studios"", ""Sickhead Games""]",
10960,Thumper,https://www.igdb.com/g/8gg,7.4512331045075735,Main Game,"[""Dec 18, 2016 (Worldwide [WW])"", ""Oct 10, 2016 (North America [NA])"", ""TBD ()"", ""Oct 10, 2016 (Worldwide [WW])"", ""May 21, 2019 (Worldwide [WW])"", ""Aug 18, 2017 (Worldwide [WW])"", ""May 18, 2017 (Worldwide [WW])"", ""Oct 13, 2016 (Europe [EU])"", ""Dec 18, 2016 (Worldwide [WW])"", ""Feb 22, 2023 (Worldwide [WW])"", ""May 27, 2019 (Worldwide [WW])"", ""Oct 13, 2016 (Europe [EU])"", ""Nov 19, 2019 (Worldwide [WW])"", ""Jan 24, 2018 (Worldwide [WW])"", ""Oct 10, 2016 (North America [NA])"", ""Feb 22, 2023 (Worldwide [WW])"", ""May 21, 2019 (Worldwide [WW])""]","[""Meta Quest 2"", ""Oculus Quest"", ""Oculus Rift"", ""PlayStation VR2"", ""PlayStation 5"", ""SteamVR"", ""PlayStation VR"", ""PC (Microsoft Windows)"", ""Android"", ""Nintendo Switch"", ""PlayStation 4"", ""Google Stadia"", ""Xbox One"", ""iOS""]","[""Adventure"", ""Arcade"", ""Indie"", ""Music""]","[""Action"", ""Horror"", ""Thriller""]","[""Drool""]",
359,Final Fantasy XV,https://www.igdb.com/g/9z,7.609945618585101,Main Game,"[""Nov 29, 2016 (Worldwide [WW])"", ""2017 (Worldwide [WW])"", ""Mar 06, 2018 (Worldwide [WW])"", ""2019 (Worldwide [WW])"", ""Nov 29, 2016 (Worldwide [WW])""]","[""PC (Microsoft Windows)"", ""Nintendo Switch"", ""PlayStation 4"", ""Google Stadia"", ""Xbox One""]","[""Adventure"", ""Hack and slash/Beat 'em up"", ""Role-playing (RPG)""]","[""Action"", ""Fantasy"", ""Open world"", ""Sandbox"", ""Science fiction"", ""Survival""]","[""XPEC"", ""Streamline Studios"", ""Umbra"", ""HexaDrive"", ""Luminous Productions"", ""Square Enix"", ""Square Enix Business Division 2""]",
11078,Shantae: Half'-Genie Hero,https://www.igdb.com/g/8jq,8.102790859124074,Main Game,"[""Dec 20, 2016 (Europe [EU])"", ""Dec 20, 2016 (Europe [EU])"", ""Dec 20, 2016 (North America [NA])"", ""Dec 20, 2016 (North America [NA])"", ""Dec 20, 2016 (North America [NA])"", ""Nov 02, 2021 (North America [NA])"", ""Dec 20, 2016 (Worldwide [WW])"", ""Dec 20, 2016 (Worldwide [WW])"", ""Dec 20, 2016 (North America [NA])"", ""Dec 20, 2016 (Europe [EU])"", ""Jun 08, 2017 (North America [NA])"", ""Jun 08, 2017 (Europe [EU])""]","[""PlayStation 5"", ""Wii U"", ""PC (Microsoft Windows)"", ""Nintendo Switch"", ""PlayStation 4"", ""Xbox One"", ""PlayStation Vita""]","[""Adventure"", ""Indie"", ""Platform""]","[""Action"", ""Comedy"", ""Fantasy""]","[""XSEED Games"", ""WayForward""]",
7352,Abzu,https://www.igdb.com/g/5o8,7.7358631312394035,Main Game,"[""Nov 29, 2018 (Worldwide [WW])"", ""Aug 02, 2016 (Worldwide [WW])"", ""Aug 02, 2016 (Worldwide [WW])"", ""Dec 06, 2016 (Worldwide [WW])""]","[""PC (Microsoft Windows)"", ""Nintendo Switch"", ""PlayStation 4"", ""Xbox One""]","[""Adventure"", ""Indie"", ""Puzzle""]","[""Action"", ""Educational"", ""Fantasy""]","[""505 Games"", ""Giant Squid""]",
18100,Pokémon Sun,https://www.igdb.com/g/dys,7.388027903658642,Main Game,"[""Nov 23, 2016 (Europe [EU])"", ""TBD (China [CH])"", ""Nov 18, 2016 (Worldwide [WW])""]","[""Nintendo 3DS""]","[""Adventure"", ""Role-playing (RPG)"", ""Strategy"", ""Turn-based strategy (TBS)""]","[""Party"", ""Science fiction""]","[""The Pokémon Company"", ""Game Freak"", ""Nintendo""]",
14746,Batman: The Telltale Series,https://www.igdb.com/g/bdm,7.212387246641607,Main Game,"[""Sep 14, 2016 (Worldwide [WW])"", ""Sep 20, 2016 (Worldwide [WW])"", ""Aug 02, 2016 (Worldwide [WW])"", ""Aug 02, 2016 (Worldwide [WW])"", ""Sep 20, 2016 (North America [NA])"", ""Sep 20, 2016 (Europe [EU])"", ""Sep 13, 2016 (Worldwide [WW])"", ""Aug 02, 2016 (Worldwide [WW])"", ""Nov 17, 2017 (Australia [AU])"", ""Nov 17, 2017 (Europe [EU])"", ""Oct 26, 2016 (Worldwide [WW])"", ""Nov 14, 2017 (Worldwide [WW])"", ""Aug 02, 2016 (North America [NA])""]","[""PlayStation 3"", ""PC (Microsoft Windows)"", ""Android"", ""Nintendo Switch"", ""PlayStation 4"", ""Xbox One"", ""iOS"", ""Xbox 360""]","[""Adventure"", ""Point-and-click""]","[""Action"", ""Drama""]","[""Telltale Games"", ""LCG Entertainment""]",
3225,No Man's Sky,https://www.igdb.com/g/2hl,7.167109536214774,Main Game,"[""Aug 14, 2019 (Worldwide [WW])"", ""Aug 14, 2019 (Worldwide [WW])"", ""Nov 10, 2020 (Worldwide [WW])"", ""Aug 12, 2016 (Worldwide [WW])"", ""Aug 10, 2016 (Europe [EU])"", ""Jul 24, 2018 (Worldwide [WW])"", ""Nov 12, 2020 (Worldwide [WW])"", ""Jun 01, 2023 (Worldwide [WW])"", ""Feb 22, 2023 (Worldwide [WW])"", ""Jun 05, 2025 (Worldwide [WW])"", ""Aug 14, 2019 (Worldwide [WW])"", ""Aug 09, 2016 (North America [NA])""]","[""Oculus Rift"", ""PlayStation VR2"", ""Mac"", ""PlayStation 5"", ""Xbox Series X|S"", ""Nintendo Switch 2"", ""SteamVR"", ""PlayStation VR"", ""PC (Microsoft Windows)"", ""PlayStation 4"", ""Xbox One""]","[""Adventure"", ""Arcade"", ""Indie"", ""Shooter"", ""Simulator""]","[""Action"", ""Open world"", ""Sandbox"", ""Science fiction"", ""Survival""]","[""505 Games"", ""Sony Interactive Entertainment"", ""Hello Games""]",
18829,Planet Coaster,https://www.igdb.com/g/ej1,8.06922735778342,Main Game,"[""Nov 17, 2020 (Worldwide [WW])"", ""Nov 17, 2016 (Worldwide [WW])""]","[""Mac"", ""PC (Microsoft Windows)""]","[""Simulator"", ""Strategy""]","[""Action"", ""Sandbox""]","[""Frontier Developments""]",
23981,SaGa: Scarlet Grace,https://www.igdb.com/g/ii5,7.0,Main Game,"[""Dec 15, 2016 (Japan [JP])"", ""Aug 02, 2018 (Worldwide [WW])""]","[""PC (Microsoft Windows)"", ""PlayStation Vita""]","[""Role-playing (RPG)""]","[""Fantasy"", ""Open world""]","[""Square Enix"", ""Square Enix Business Division 3"", ""studio R.E.E.L.""]",
18311,The Turing Test,https://www.igdb.com/g/e4n,7.069534092180528,Main Game,"[""Jan 24, 2017 (North America [NA])"", ""Aug 30, 2016 (North America [NA])"", ""Sep 30, 2017 (Australia [AU])"", ""Aug 30, 2016 (Worldwide [WW])"", ""May 01, 2020 (Worldwide [WW])"", ""Feb 07, 2020 (Worldwide [WW])"", ""Aug 30, 2016 (Europe [EU])"", ""Jan 24, 2017 (Europe [EU])""]","[""PC (Microsoft Windows)"", ""Nintendo Switch"", ""PlayStation 4"", ""Google Stadia"", ""Xbox One""]","[""Adventure"", ""Puzzle""]","[""Science fiction""]","[""Square Enix Europe"", ""Bulkhead"", ""Square Enix Collective""]",
8258,Street Fighter V,https://www.igdb.com/g/6de,7.273883858309946,Main Game,"[""Feb 16, 2016 (Worldwide [WW])"", ""Feb 15, 2016 (North America [NA])"", ""Feb 16, 2016 (Worldwide [WW])""]","[""PC (Microsoft Windows)"", ""PlayStation 4""]","[""Arcade"", ""Fighting""]","[""Action""]","[""Capcom""]",
18861,I Am Setsuna,https://www.igdb.com/g/ejx,7.003460684587354,Main Game,"[""Jul 19, 2016 (Worldwide [WW])"", ""Jul 19, 2016 (Worldwide [WW])"", ""Feb 18, 2016 (Japan [JP])"", ""Mar 03, 2017 (Worldwide [WW])"", ""Feb 18, 2016 (Japan [JP])"", ""Mar 03, 2017 (Japan [JP])""]","[""PC (Microsoft Windows)"", ""Nintendo Switch"", ""PlayStation 4"", ""PlayStation Vita""]","[""Adventure"", ""Role-playing (RPG)""]","[""Drama"", ""Fantasy""]","[""Tokyo RPG Factory"", ""Square Enix""]",
2114,Tom Clancy's The Division,https://www.igdb.com/g/1mq,7.3490058151333475,Main Game,"[""Dec 17, 2025 (Worldwide [WW])"", ""Mar 08, 2016 (Worldwide [WW])"", ""Mar 08, 2016 (Worldwide [WW])"", ""Mar 08, 2016 (Worldwide [WW])""]","[""PlayStation 5"", ""PC (Microsoft Windows)"", ""PlayStation 4"", ""Xbox One""]","[""Adventure"", ""Role-playing (RPG)"", ""Shooter"", ""Strategy"", ""Tactical""]","[""Action"", ""Open world"", ""Sandbox"", ""Science fiction"", ""Survival"", ""Warfare""]","[""Ubisoft Red Storm"", ""Massive Entertainment"", ""Ubisoft Entertainment""]",
20875,Project Highrise,https://www.igdb.com/g/g3v,6.6343825093117275,Main Game,"[""Apr 09, 2018 ()"", ""Apr 11, 2018 (Worldwide [WW])"", ""Sep 08, 2016 (Worldwide [WW])"", ""Oct 26, 2018 ()"", ""Oct 26, 2018 ()"", ""Sep 08, 2016 (Worldwide [WW])"", ""Oct 26, 2018 ()""]","[""Mac"", ""PC (Microsoft Windows)"", ""Nintendo Switch"", ""PlayStation 4"", ""Xbox One"", ""iOS""]","[""Indie"", ""Simulator"", ""Strategy""]","[""Business"", ""Sandbox""]","[""SomaSim"", ""Kasedo Games""]",
18866,Dead by Daylight,https://www.igdb.com/g/ek2,7.069812303433614,Main Game,"[""Nov 12, 2020 (North America [NA])"", ""Jun 23, 2017 (Europe [EU])"", ""Jun 22, 2017 (Australia [AU])"", ""Nov 19, 2020 (Europe [EU])"", ""Jun 20, 2017 (North America [NA])"", ""Jun 22, 2017 (Australia [AU])"", ""Sep 24, 2019 (Worldwide [WW])"", ""Jun 14, 2016 (Worldwide [WW])"", ""Jun 20, 2017 (North America [NA])"", ""Jun 23, 2017 (Europe [EU])"", ""Nov 10, 2020 (Worldwide [WW])"", ""Oct 01, 2020 (Worldwide [WW])"", ""Jan 18, 2023 (Worldwide [WW])""]","[""PlayStation 5"", ""Xbox Series X|S"", ""PC (Microsoft Windows)"", ""Nintendo Switch"", ""PlayStation 4"", ""Google Stadia"", ""Xbox One""]","[""Strategy""]","[""Action"", ""Horror"", ""Stealth"", ""Survival""]","[""Behaviour Interactive"", ""505 Games"", ""Deep Silver"", ""Starbreeze Studios"", ""NetEase Games""]",
24525,Dead or Alive Xtreme 3: Fortune,https://www.igdb.com/g/ix9,,Main Game,"[""Mar 24, 2016 (Japan [JP])""]","[""PlayStation 4""]","[""Sport""]","[""Action""]","[""Koei Tecmo"", ""Team NINJA""]",
16989,Teenage Mutant Ninja Turtles: Mutants in Manhattan,https://www.igdb.com/g/d3x,5.093868386245086,Main Game,"[""May 24, 2016 (North America [NA])"", ""May 27, 2016 (Europe [EU])"", ""May 24, 2016 (Worldwide [WW])"", ""May 24, 2016 (Worldwide [WW])"", ""May 24, 2016 (Worldwide [WW])"", ""May 24, 2016 (Worldwide [WW])"", ""May 27, 2016 (Europe [EU])"", ""May 24, 2016 (North America [NA])"", ""May 24, 2016 (Worldwide [WW])""]","[""PlayStation 3"", ""PC (Microsoft Windows)"", ""PlayStation 4"", ""Xbox One"", ""Xbox 360""]","[""Fighting"", ""Hack and slash/Beat 'em up""]","[""Action"", ""Fantasy""]","[""PlatinumGames"", ""Activision""]",
18968,Call of Duty: Infinite Warfare,https://www.igdb.com/g/emw,7.070548732293868,Main Game,"[""Nov 04, 2016 (Worldwide [WW])"", ""Nov 04, 2016 (Worldwide [WW])"", ""Nov 04, 2016 (Europe [EU])"", ""Nov 04, 2016 (North America [NA])"", ""Nov 04, 2016 (Worldwide [WW])""]","[""PC (Microsoft Windows)"", ""PlayStation 4"", ""Xbox One""]","[""Adventure"", ""Shooter""]","[""Action"", ""Science fiction"", ""Warfare""]","[""Infinity Ward"", ""Activision""]",
8654,Adr1ft,https://www.igdb.com/g/6oe,7.935450455053609,Main Game,"[""Jun 15, 2016 (Worldwide [WW])"", ""Jul 15, 2016 (North America [NA])"", ""Jul 15, 2016 (Europe [EU])"", ""Dec 31, 2016 (North America [NA])"", ""Jul 15, 2016 (Europe [EU])"", ""Jul 15, 2016 (North America [NA])"", ""Jun 15, 2016 (Worldwide [WW])"", ""TBD ()"", ""Mar 28, 2016 (Worldwide [WW])"", ""Mar 28, 2016 (Worldwide [WW])""]","[""Oculus Rift"", ""SteamVR"", ""PlayStation VR"", ""PC (Microsoft Windows)"", ""PlayStation 4"", ""Xbox One""]","[""Adventure"", ""Indie"", ""Puzzle""]","[""Science fiction""]","[""505 Games"", ""Three One Zero""]",
19798,Root Letter,https://www.igdb.com/g/f9y,6.2403433910142905,Main Game,"[""2016 (North America [NA])"", ""Jun 16, 2016 (Japan [JP])"", ""Jun 16, 2016 (Japan [JP])"", ""Nov 10, 2016 (North America [NA])"", ""Jul 07, 2017 (Worldwide [WW])"", ""2016 (Europe [EU])"", ""Oct 28, 2016 (Europe [EU])""]","[""PC (Microsoft Windows)"", ""PlayStation 4"", ""PlayStation Vita""]","[""Adventure"", ""Role-playing (RPG)"", ""Strategy"", ""Visual Novel""]","[""Mystery""]","[""PQube"", ""Kadokawa Games""]",
11213,Star Ocean: Integrity and Faithlessness,https://www.igdb.com/g/8nh,5.3269175766984045,Main Game,"[""Jun 28, 2016 (North America [NA])"", ""Mar 31, 2016 (Japan [JP])"", ""Jul 01, 2016 (Europe [EU])"", ""Mar 31, 2016 (Japan [JP])"", ""Jul 01, 2016 (Australia [AU])""]","[""PlayStation 3"", ""PlayStation 4""]","[""Adventure"", ""Role-playing (RPG)""]","[""Action"", ""Fantasy"", ""Science fiction""]","[""tri-Ace"", ""Square Enix""]",
23796,Super Mario Run,https://www.igdb.com/g/id0,6.531407777420334,Main Game,"[""Feb 01, 2017 (Korea [KR])"", ""Mar 22, 2017 (Worldwide [WW])"", ""Dec 15, 2016 (Worldwide [WW])""]","[""Android"", ""iOS""]","[""Adventure"", ""Arcade"", ""Platform""]","[""Action"", ""Kids""]","[""Nintendo"", ""Nintendo Entertainment Planning & Development""]",
12530,Umbrella Corps,https://www.igdb.com/g/9o2,3.992377445627366,Main Game,"[""Jun 21, 2016 (Europe [EU])"", ""Jun 23, 2016 (Japan [JP])"", ""Jun 21, 2016 (Europe [EU])"", ""Jun 21, 2016 (North America [NA])"", ""Jun 21, 2016 (North America [NA])"", ""Jun 23, 2016 (Japan [JP])""]","[""PC (Microsoft Windows)"", ""PlayStation 4""]","[""Shooter"", ""Strategy""]","[""Action"", ""Horror"", ""Science fiction""]","[""K2"", ""Capcom""]",
213620,Luna Abyss,https://www.igdb.com/g/4ktw,7.518605286970642,Main Game,"[""May 21, 2026 (Worldwide [WW])"", ""May 21, 2026 (Worldwide [WW])"", ""May 21, 2026 (Worldwide [WW])""]","[""PlayStation 5"", ""Xbox Series X|S"", ""PC (Microsoft Windows)""]","[""Adventure"", ""Shooter""]","[""Action"", ""Science fiction""]","[""Kwalee""]",
400824,Aliens: Fireteam Elite 2,https://www.igdb.com/g/8la0,,Main Game,"[""Aug 25, 2026 (Worldwide [WW])"", ""Aug 25, 2026 (Worldwide [WW])"", ""Aug 25, 2026 (Worldwide [WW])""]","[""PlayStation 5"", ""Xbox Series X|S"", ""PC (Microsoft Windows)""]","[""Shooter""]","[""Action"", ""Horror"", ""Science fiction"", ""Survival""]","[""Cold Iron Studios"", ""Daybreak Game Company""]",
11397,Yakuza 0,https://www.igdb.com/g/8sl,8.628933436743898,Main Game,"[""May 14, 2015 (Asia [AS])"", ""Feb 26, 2020 (Worldwide [WW])"", ""Aug 01, 2018 (Worldwide [WW])"", ""Jan 24, 2017 (North America [NA])"", ""Mar 12, 2015 (Japan [JP])"", ""May 14, 2015 (Asia [AS])"", ""Mar 12, 2015 (Japan [JP])"", ""Jan 24, 2017 (Europe [EU])""]","[""PlayStation 3"", ""PC (Microsoft Windows)"", ""PlayStation 4"", ""Xbox One""]","[""Adventure"", ""Hack and slash/Beat 'em up"", ""Role-playing (RPG)"", ""Simulator""]","[""Action"", ""Drama"", ""Open world""]","[""Lab42 Games"", ""Sega Corporation"", ""Sega Games"", ""Sega"", ""Ryu Ga Gotoku Studio""]",
11256,Bravely Second: End Layer,https://www.igdb.com/g/8oo,7.030661714341807,Main Game,"[""Apr 14, 2016 (North America [NA])"", ""Apr 23, 2015 (Japan [JP])"", ""Feb 27, 2016 (Australia [AU])"", ""Feb 26, 2016 (Europe [EU])""]","[""Nintendo 3DS""]","[""Adventure"", ""Role-playing (RPG)""]","[""Fantasy""]","[""Nintendo"", ""Silicon Studio"", ""Square Enix Business Division 6"", ""Square Enix""]",
7335,Splatoon,https://www.igdb.com/g/5nr,8.113836123281189,Main Game,"[""May 29, 2015 (Europe [EU])"", ""May 30, 2015 (Australia [AU])"", ""May 29, 2015 (North America [NA])"", ""May 28, 2015 (Japan [JP])""]","[""Wii U""]","[""Platform"", ""Shooter""]","[""Action"", ""Science fiction""]","[""Nintendo EAD Software Development Group No.2"", ""Nintendo""]",
3102,Kerbal Space Program,https://www.igdb.com/g/2e6,8.56385574472899,Main Game,"[""Jul 15, 2016 (Worldwide [WW])"", ""Apr 27, 2015 (Worldwide [WW])"", ""Apr 27, 2015 (Worldwide [WW])"", ""Apr 27, 2015 (Worldwide [WW])"", ""Jan 16, 2016 (Worldwide [WW])"", ""2017 ()"", ""TBD ()""]","[""Mac"", ""Wii U"", ""PC (Microsoft Windows)"", ""Nintendo Switch"", ""PlayStation 4"", ""Xbox One"", ""Linux""]","[""Indie"", ""Simulator""]","[""Educational"", ""Open world"", ""Sandbox"", ""Science fiction""]","[""Squad"", ""Flying Tiger Developments"", ""Private Division""]",
11772,Shadowrun: Hong Kong,https://www.igdb.com/g/930,8.240962201620265,Main Game,"[""Aug 20, 2015 (Worldwide [WW])"", ""Aug 20, 2015 (Worldwide [WW])"", ""Aug 20, 2015 (Worldwide [WW])""]","[""Mac"", ""PC (Microsoft Windows)"", ""Linux""]","[""Adventure"", ""Indie"", ""Role-playing (RPG)"", ""Strategy"", ""Tactical"", ""Turn-based strategy (TBS)""]","[""Action"", ""Fantasy"", ""Science fiction""]","[""Harebrained Schemes""]",
7339,Super Mario Maker,https://www.igdb.com/g/5nv,8.10223048231846,Main Game,"[""Sep 10, 2015 (North America [NA])"", ""Sep 11, 2015 (Europe [EU])"", ""Sep 10, 2015 (Japan [JP])"", ""Sep 11, 2015 (Worldwide [WW])""]","[""Wii U""]","[""Platform""]","[""Action"", ""Kids""]","[""Nintendo EAD Software Development Group No.4"", ""Nintendo""]",
1593,Pillars of Eternity,https://www.igdb.com/g/189,8.056094973801546,Main Game,"[""Mar 26, 2015 (Worldwide [WW])"", ""Aug 08, 2019 (Worldwide [WW])"", ""Apr 08, 2022 (Worldwide [WW])"", ""Aug 29, 2017 (Worldwide [WW])"", ""Mar 26, 2015 (Worldwide [WW])"", ""Aug 29, 2017 (Worldwide [WW])""]","[""Mac"", ""PC (Microsoft Windows)"", ""Nintendo Switch"", ""PlayStation 4"", ""Xbox One"", ""Linux""]","[""Adventure"", ""Indie"", ""Role-playing (RPG)"", ""Strategy""]","[""Fantasy""]","[""Obsidian Entertainment"", ""Paradox Interactive""]",
7343,Yoshi's Woolly World,https://www.igdb.com/g/5nz,7.175239608660301,Main Game,"[""Oct 15, 2015 (North America [NA])"", ""Jun 26, 2015 (Europe [EU])""]","[""Wii U""]","[""Platform""]","[""Action"", ""Fantasy""]","[""Nintendo"", ""Good-Feel""]",
7609,Until Dawn,https://www.igdb.com/g/5vd,8.002029907829177,Main Game,"[""Aug 25, 2015 (North America [NA])"", ""Aug 28, 2015 (Worldwide [WW])"", ""Aug 28, 2015 (Europe [EU])""]","[""PlayStation 4""]","[""Adventure""]","[""Drama"", ""Horror"", ""Mystery""]","[""Supermassive Games"", ""Sony Computer Entertainment""]",
11346,Her Story,https://www.igdb.com/g/8r6,7.782180671481519,Main Game,"[""Jun 29, 2016 ()"", ""Jun 24, 2015 (North America [NA])"", ""Jun 24, 2015 (Worldwide [WW])"", ""Jun 24, 2015 (Worldwide [WW])"", ""Jun 24, 2015 (Worldwide [WW])""]","[""Mac"", ""PC (Microsoft Windows)"", ""Android"", ""iOS""]","[""Indie"", ""Point-and-click"", ""Simulator""]","[""Drama"", ""Mystery""]","[""Sam Barlow""]",
9509,Call of Duty: Black Ops III,https://www.igdb.com/g/7c5,6.764845769651159,Main Game,"[""Nov 06, 2015 (Worldwide [WW])"", ""Nov 06, 2015 (North America [NA])"", ""Apr 04, 2019 (Worldwide [WW])"", ""Nov 06, 2015 (Worldwide [WW])"", ""Nov 06, 2015 (Australia [AU])"", ""Nov 06, 2015 (Worldwide [WW])"", ""Nov 06, 2015 (Europe [EU])""]","[""Mac"", ""PC (Microsoft Windows)"", ""PlayStation 4"", ""Xbox One""]","[""Adventure"", ""Shooter""]","[""Action"", ""Science fiction"", ""Warfare""]","[""Activision"", ""Treyarch"", ""Aspyr Media""]",
9192,Wolfenstein: The Old Blood,https://www.igdb.com/g/73c,7.729137385327517,Standalone Expansion,"[""May 04, 2015 (Worldwide [WW])"", ""May 05, 2015 (Worldwide [WW])"", ""May 05, 2015 (Worldwide [WW])""]","[""PC (Microsoft Windows)"", ""PlayStation 4"", ""Xbox One""]","[""Adventure"", ""Shooter""]","[""Action"", ""Fantasy"", ""Historical"", ""Horror"", ""Science fiction"", ""Stealth""]","[""MachineGames"", ""Bethesda Softworks""]",
13677,Downwell,https://www.igdb.com/g/ajx,7.412562998561112,Main Game,"[""Oct 14, 2015 (Worldwide [WW])"", ""Jan 27, 2016 (Worldwide [WW])"", ""Oct 15, 2015 (Worldwide [WW])"", ""May 24, 2016 (Worldwide [WW])"", ""Jan 31, 2019 (Worldwide [WW])"", ""May 24, 2016 (Worldwide [WW])""]","[""PC (Microsoft Windows)"", ""Android"", ""Nintendo Switch"", ""PlayStation 4"", ""iOS"", ""PlayStation Vita""]","[""Adventure"", ""Arcade"", ""Indie"", ""Platform"", ""Shooter""]","[""Action"", ""Fantasy"", ""Science fiction""]","[""Devolver Digital"", ""Moppin"", ""Red Phantom Games""]",
7767,Mini Metro,https://www.igdb.com/g/5zr,7.692160990816901,Main Game,"[""Dec 25, 2015 (Worldwide [WW])"", ""Oct 22, 2015 (Worldwide [WW])"", ""Aug 30, 2018 (North America [NA])"", ""Aug 10, 2018 ()"", ""Oct 17, 2016 (Worldwide [WW])"", ""Nov 06, 2015 (North America [NA])"", ""Sep 10, 2019 (Worldwide [WW])"", ""Nov 06, 2015 (Worldwide [WW])"", ""Nov 06, 2015 (Worldwide [WW])"", ""Nov 06, 2015 (North America [NA])""]","[""Mac"", ""PC (Microsoft Windows)"", ""Android"", ""Nintendo Switch"", ""PlayStation 4"", ""iOS"", ""Linux""]","[""Arcade"", ""Indie"", ""Puzzle"", ""Simulator"", ""Strategy""]","[""Business"", ""Educational"", ""Sandbox""]","[""Playdigious"", ""Dinosaur Polo Club"", ""Radial Games"", ""PLAYISM""]",
7725,Resident Evil: Revelations 2,https://www.igdb.com/g/5yl,7.213206409713832,Main Game,"[""Mar 18, 2015 (North America [NA])"", ""Mar 20, 2015 (Japan [JP])"", ""Feb 24, 2015 (Worldwide [WW])"", ""Mar 18, 2015 (North America [NA])"", ""Mar 20, 2015 (Europe [EU])"", ""Mar 20, 2015 (Europe [EU])"", ""Aug 18, 2015 (North America [NA])"", ""Mar 20, 2015 (Japan [JP])"", ""Nov 28, 2017 (Worldwide [WW])"", ""Mar 20, 2015 (Worldwide [WW])"", ""Mar 20, 2015 (Worldwide [WW])"", ""Aug 18, 2015 (Europe [EU])"", ""Sep 17, 2015 (Japan [JP])""]","[""PlayStation 3"", ""PC (Microsoft Windows)"", ""Nintendo Switch"", ""PlayStation 4"", ""Xbox One"", ""Xbox 360"", ""PlayStation Vita""]","[""Adventure"", ""Shooter""]","[""Action"", ""Horror"", ""Survival""]","[""Frima Studio"", ""Capcom"", ""Sony Computer Entertainment""]",
5321,Tokyo Mirage Sessions #FE,https://www.igdb.com/g/43t,7.425013308483311,Main Game,"[""Jun 24, 2016 (Europe [EU])"", ""Jun 23, 2016 (North America [NA])"", ""Dec 26, 2015 (Japan [JP])""]","[""Wii U""]","[""Adventure"", ""Music"", ""Role-playing (RPG)""]","[""Action"", ""Fantasy""]","[""Atlus"", ""Nintendo"", ""Intelligent Systems""]",
12875,Superbeat: Xonic,https://www.igdb.com/g/9xn,8.3,Main Game,"[""Jun 13, 2017 (Europe [EU])"", ""Jun 07, 2017 (North America [NA])"", ""Nov 10, 2015 (North America [NA])"", ""Dec 17, 2015 (Japan [JP])"", ""Nov 10, 2015 (Australia [AU])"", ""Jun 09, 2017 (Australia [AU])"", ""Jun 09, 2017 (Europe [EU])"", ""Jun 12, 2017 (Australia [AU])"", ""Jun 06, 2017 (North America [NA])"", ""Nov 30, 2017 (Europe [EU])"", ""Nov 21, 2017 (North America [NA])"", ""Oct 22, 2015 (Asia [AS])"", ""Nov 10, 2015 (Europe [EU])""]","[""Nintendo Switch"", ""PlayStation 4"", ""Xbox One"", ""PlayStation Vita""]","[""Arcade"", ""Music""]",[],"[""Arc System Works"", ""Acttil"", ""Atlus"", ""Rising Star Games"", ""Nurijoy"", ""PM Studios""]",
7313,Heroes of the Storm,https://www.igdb.com/g/5n5,7.318919437086781,Main Game,"[""Jun 02, 2015 (Worldwide [WW])"", ""Jun 02, 2015 (Worldwide [WW])""]","[""Mac"", ""PC (Microsoft Windows)""]","[""MOBA""]","[""Action"", ""Fantasy"", ""Science fiction""]","[""Blizzard Entertainment""]",
11119,Fallout Shelter,https://www.igdb.com/g/8kv,6.335557088441055,Main Game,"[""Feb 07, 2017 (Worldwide [WW])"", ""Jun 10, 2018 (Worldwide [WW])"", ""Jun 10, 2018 (Worldwide [WW])"", ""Aug 13, 2015 (Worldwide [WW])"", ""Jul 14, 2016 (Worldwide [WW])"", ""Feb 07, 2017 (North America [NA])"", ""Jun 14, 2015 (North America [NA])"", ""Jun 15, 2015 (Worldwide [WW])""]","[""PC (Microsoft Windows)"", ""Android"", ""Nintendo Switch"", ""PlayStation 4"", ""Xbox One"", ""iOS""]","[""Role-playing (RPG)"", ""Simulator"", ""Strategy""]","[""Science fiction"", ""Survival""]","[""Behaviour Santiago"", ""Bethesda Softworks"", ""Bethesda Game Studios""]",
7708,Saints Row: Gat Out of Hell,https://www.igdb.com/g/5y4,6.714452753760738,Standalone Expansion,"[""Jan 23, 2015 (Europe [EU])"", ""Jan 20, 2015 (North America [NA])"", ""Jan 20, 2015 (North America [NA])"", ""Jan 23, 2015 (Europe [EU])"", ""Jan 20, 2015 (North America [NA])"", ""Jan 23, 2015 (Europe [EU])"", ""Jan 20, 2015 (North America [NA])"", ""Jan 23, 2015 (Europe [EU])"", ""Dec 21, 2015 (Worldwide [WW])"", ""Jan 20, 2015 (North America [NA])"", ""Jan 23, 2015 (Europe [EU])""]","[""PlayStation 3"", ""PC (Microsoft Windows)"", ""PlayStation 4"", ""Xbox One"", ""Xbox 360"", ""Linux""]","[""Adventure"", ""Shooter""]","[""Action"", ""Comedy"", ""Horror"", ""Open world""]","[""Deep Silver"", ""High Voltage Software"", ""Volition""]",
15187,Toy Soldiers: War Chest,https://www.igdb.com/g/bpv,8.0,Main Game,"[""Aug 11, 2015 ()"", ""Aug 11, 2015 ()"", ""Aug 11, 2015 ()"", ""Aug 11, 2015 (North America [NA])"", ""Aug 11, 2015 (North America [NA])""]","[""PC (Microsoft Windows)"", ""PlayStation 4"", ""Xbox One""]","[""Real Time Strategy (RTS)"", ""Shooter"", ""Strategy""]","[""Action"", ""Warfare""]","[""Signal Studios"", ""Ubisoft Entertainment""]",
6872,Rodea the Sky Soldier,https://www.igdb.com/g/5aw,6.3,Main Game,"[""Nov 10, 2015 (North America [NA])"", ""Nov 13, 2015 (Europe [EU])"", ""Nov 10, 2015 (North America [NA])"", ""Nov 13, 2015 (Europe [EU])""]","[""Wii U"", ""Nintendo 3DS""]",[],"[""Action""]","[""Prope"", ""Kadokawa Shoten"", ""NIS America""]",
10090,Tony Hawk's Pro Skater 5,https://www.igdb.com/g/7sa,5.954116505226086,Main Game,"[""Sep 29, 2015 (Worldwide [WW])"", ""Nov 10, 2015 (Worldwide [WW])"", ""Sep 29, 2015 (Worldwide [WW])"", ""Nov 10, 2015 (Worldwide [WW])"", ""Sep 29, 2015 (North America [NA])"", ""Sep 29, 2015 (North America [NA])"", ""Oct 02, 2015 (Europe [EU])""]","[""PlayStation 3"", ""PlayStation 4"", ""Xbox One"", ""Xbox 360""]","[""Arcade"", ""Sport""]","[""Action""]","[""Disruptive Games"", ""Activision"", ""Robomodo""]",
7444,Shovel Knight,https://www.igdb.com/g/5qs,8.575783045506961,Main Game,"[""Jun 26, 2014 (North America [NA])"", ""Jun 26, 2014 (Worldwide [WW])"", ""Jun 26, 2014 (North America [NA])"", ""Nov 05, 2014 (Europe [EU])"", ""Jun 11, 2015 (Europe [EU])"", ""Jun 26, 2014 (Worldwide [WW])"", ""Mar 03, 2017 (Worldwide [WW])"", ""Apr 21, 2015 (North America [NA])"", ""Jun 26, 2014 (Worldwide [WW])"", ""Oct 08, 2014 (Worldwide [WW])"", ""Sep 13, 2014 (Worldwide [WW])"", ""Apr 21, 2015 (Worldwide [WW])"", ""Apr 21, 2015 (Worldwide [WW])"", ""Apr 29, 2015 (Worldwide [WW])""]","[""Mac"", ""PlayStation 3"", ""Wii U"", ""PC (Microsoft Windows)"", ""Nintendo Switch"", ""PlayStation 4"", ""Nintendo 3DS"", ""Xbox One"", ""PlayStation Vita"", ""Linux""]","[""Adventure"", ""Indie"", ""Platform""]","[""Action"", ""Comedy"", ""Fantasy""]","[""Yacht Club Games""]",
4754,Alien: Isolation,https://www.igdb.com/g/3o2,8.540254787249495,Main Game,"[""Sep 29, 2015 (Worldwide [WW])"", ""Oct 27, 2015 (Worldwide [WW])"", ""Dec 05, 2019 (Worldwide [WW])"", ""Oct 06, 2014 (Worldwide [WW])"", ""Oct 07, 2014 (Worldwide [WW])"", ""Oct 07, 2014 (Worldwide [WW])"", ""Oct 07, 2014 (Worldwide [WW])"", ""Oct 07, 2014 (Worldwide [WW])""]","[""Mac"", ""PlayStation 3"", ""PC (Microsoft Windows)"", ""Nintendo Switch"", ""PlayStation 4"", ""Xbox One"", ""Xbox 360"", ""Linux""]","[""Adventure""]","[""Action"", ""Horror"", ""Science fiction"", ""Stealth"", ""Survival""]","[""Feral Interactive"", ""Sega"", ""The Creative Assembly""]",
7386,The Talos Principle,https://www.igdb.com/g/5p6,8.647637213028577,Main Game,"[""Sep 04, 2018 (Worldwide [WW])"", ""Dec 10, 2019 (Worldwide [WW])"", ""Aug 31, 2018 (North America [NA])"", ""Dec 11, 2014 (Worldwide [WW])"", ""Dec 11, 2014 (North America [NA])"", ""Oct 13, 2015 (Worldwide [WW])"", ""Oct 11, 2017 (Worldwide [WW])"", ""May 28, 2015 (Worldwide [WW])"", ""Dec 11, 2014 (Worldwide [WW])"", ""Dec 11, 2014 (Worldwide [WW])""]","[""Mac"", ""PC (Microsoft Windows)"", ""Android"", ""Nintendo Switch"", ""PlayStation 4"", ""Xbox One"", ""iOS"", ""Linux""]","[""Adventure"", ""Indie"", ""Puzzle""]","[""Action"", ""Science fiction""]","[""Devolver Digital"", ""Croteam""]",
2350,Mario Kart 8,https://www.igdb.com/g/1ta,8.65635026360616,Main Game,"[""May 29, 2014 (North America [NA])"", ""May 30, 2014 (Europe [EU])"", ""May 29, 2014 (Japan [JP])"", ""2014 (Brazil [BR])""]","[""Wii U""]","[""Arcade"", ""Racing""]","[""Action"", ""Fantasy"", ""Kids"", ""Party""]","[""Nintendo"", ""Nintendo Entertainment Analysis & Development"", ""Bandai Namco Studios"", ""Nintendo Entertainment Planning & Development""]",
7327,Valiant Hearts: The Great War,https://www.igdb.com/g/5nj,8.159379910944201,Main Game,"[""Nov 08, 2018 (North America [NA])"", ""Jun 25, 2014 (Europe [EU])"", ""Jun 25, 2014 (North America [NA])"", ""Sep 04, 2014 (Worldwide [WW])"", ""Jun 25, 2014 (Europe [EU])"", ""Jun 25, 2014 (Worldwide [WW])"", ""Jun 25, 2014 (Australia [AU])"", ""Jun 24, 2014 (North America [NA])"", ""Jun 25, 2014 (North America [NA])"", ""Jun 25, 2014 (Worldwide [WW])"", ""Nov 26, 2014 (Worldwide [WW])"", ""Jun 25, 2014 (Worldwide [WW])""]","[""PlayStation 3"", ""PC (Microsoft Windows)"", ""Android"", ""Nintendo Switch"", ""PlayStation 4"", ""Xbox One"", ""iOS"", ""Xbox 360""]","[""Adventure"", ""Platform"", ""Puzzle""]","[""Educational"", ""Historical"", ""Warfare""]","[""Ubisoft Entertainment"", ""Ubisoft Montpellier""]",
22652,Shadowrun: Dragonfall,https://www.igdb.com/g/hh8,8.251260826772352,Expansion,"[""Feb 27, 2014 (Worldwide [WW])"", ""Feb 27, 2014 (Worldwide [WW])"", ""Feb 27, 2014 (Worldwide [WW])""]","[""Mac"", ""PC (Microsoft Windows)"", ""Linux""]","[""Role-playing (RPG)"", ""Strategy""]","[""Action"", ""Fantasy"", ""Science fiction""]","[""Harebrained Schemes""]",
2031,Wolfenstein: The New Order,https://www.igdb.com/g/1kf,8.161110828697614,Main Game,"[""May 20, 2014 (Europe [EU])"", ""Jun 05, 2014 (Japan [JP])"", ""May 20, 2014 (North America [NA])"", ""May 20, 2014 (Europe [EU])"", ""May 20, 2014 (North America [NA])"", ""May 20, 2014 (Worldwide [WW])"", ""Jun 05, 2014 (Japan [JP])"", ""Jun 05, 2014 (Japan [JP])"", ""May 20, 2014 (Worldwide [WW])"", ""Jun 05, 2014 (Japan [JP])"", ""May 20, 2014 (North America [NA])"", ""May 20, 2014 (North America [NA])"", ""May 20, 2014 (Worldwide [WW])"", ""Jun 05, 2014 (Japan [JP])"", ""May 20, 2014 (Worldwide [WW])"", ""May 20, 2014 (Worldwide [WW])""]","[""PlayStation 3"", ""PC (Microsoft Windows)"", ""PlayStation 4"", ""Xbox One"", ""Xbox 360""]","[""Adventure"", ""Shooter""]","[""Action"", ""Fantasy"", ""Historical"", ""Science fiction"", ""Stealth"", ""Warfare""]","[""Bethesda Softworks"", ""MachineGames""]",
8900,Monument Valley,https://www.igdb.com/g/6v8,7.634568041878465,Main Game,"[""May 14, 2014 (Worldwide [WW])"", ""Apr 03, 2014 (Worldwide [WW])"", ""Apr 03, 2014 (Worldwide [WW])"", ""Apr 30, 2015 (Worldwide [WW])"", ""Jul 12, 2022 (Worldwide [WW])"", ""Apr 15, 2025 (Worldwide [WW])"", ""Apr 15, 2025 (Worldwide [WW])"", ""Apr 15, 2025 (Worldwide [WW])""]","[""Mac"", ""Xbox Series X|S"", ""PC (Microsoft Windows)"", ""Android"", ""Nintendo Switch"", ""Xbox One"", ""Windows Phone"", ""iOS""]","[""Adventure"", ""Indie"", ""Platform"", ""Point-and-click"", ""Puzzle"", ""Strategy""]","[""Fantasy"", ""Mystery""]","[""Ustwo Games""]",
5508,The Banner Saga,https://www.igdb.com/g/490,8.45975422262619,Main Game,"[""Nov 19, 2014 (Worldwide [WW])"", ""Jan 14, 2014 ()"", ""Oct 02, 2014 (Worldwide [WW])"", ""Jan 12, 2016 (Worldwide [WW])"", ""Jan 14, 2014 (Worldwide [WW])"", ""May 17, 2018 (Worldwide [WW])"", ""Jan 12, 2016 (Worldwide [WW])"", ""Jan 14, 2014 (Worldwide [WW])""]","[""Mac"", ""PC (Microsoft Windows)"", ""Android"", ""Nintendo Switch"", ""PlayStation 4"", ""Xbox One"", ""iOS"", ""Linux""]","[""Indie"", ""Role-playing (RPG)"", ""Simulator"", ""Strategy"", ""Tactical""]","[""Fantasy"", ""Historical""]","[""Versus Evil"", ""Stoic""]",
5082,Divinity: Original Sin,https://www.igdb.com/g/3x6,8.491036565263201,Main Game,"[""Jun 30, 2014 (Worldwide [WW])"", ""Jun 30, 2014 (North America [NA])""]","[""Mac"", ""PC (Microsoft Windows)""]","[""Adventure"", ""Indie"", ""Puzzle"", ""Role-playing (RPG)"", ""Turn-based strategy (TBS)""]","[""Fantasy"", ""Historical"", ""Open world""]","[""Larian Studios""]",
4786,The Evil Within,https://www.igdb.com/g/3oy,7.492147558362682,Main Game,"[""Oct 18, 2014 (Europe [EU])"", ""Oct 14, 2014 (North America [NA])"", ""Oct 14, 2014 (North America [NA])"", ""Oct 18, 2014 (Europe [EU])"", ""Oct 16, 2014 (Australia [AU])"", ""Oct 14, 2014 (North America [NA])"", ""Oct 14, 2014 (North America [NA])"", ""Oct 14, 2014 (Europe [EU])"", ""Oct 14, 2014 (North America [NA])"", ""Oct 16, 2014 (Australia [AU])"", ""Oct 14, 2014 (Europe [EU])"", ""Oct 16, 2014 (Australia [AU])"", ""Oct 16, 2014 (Australia [AU])"", ""Oct 14, 2014 (Europe [EU])"", ""Oct 23, 2014 (Japan [JP])"", ""Oct 16, 2014 (Australia [AU])"", ""Oct 23, 2014 (Japan [JP])"", ""Oct 23, 2014 (Japan [JP])"", ""Oct 23, 2014 (Japan [JP])""]","[""PlayStation 3"", ""PC (Microsoft Windows)"", ""PlayStation 4"", ""Xbox One"", ""Xbox 360""]","[""Adventure"", ""Puzzle"", ""Shooter""]","[""Action"", ""Horror"", ""Stealth"", ""Survival""]","[""Tango Gameworks"", ""The Workshop Entertainment"", ""Bethesda Softworks""]",
9602,Super Smash Bros. for Wii U,https://www.igdb.com/g/7eq,8.343770701212703,Main Game,"[""Nov 21, 2014 (North America [NA])"", ""Nov 28, 2014 (Europe [EU])"", ""Nov 29, 2014 (Australia [AU])"", ""Dec 06, 2014 (Japan [JP])""]","[""Wii U""]","[""Fighting"", ""Platform""]","[""Action"", ""Fantasy"", ""Party"", ""Science fiction""]","[""Nintendo"", ""tri-Crescendo"", ""Sora"", ""Bandai Namco Studios""]",
7337,Captain Toad: Treasure Tracker,https://www.igdb.com/g/5nt,8.068159784971472,Main Game,"[""Jan 10, 2015 (Australia [AU])"", ""Sep 30, 2016 (Europe [EU])"", ""Nov 13, 2014 (Japan [JP])"", ""Dec 05, 2014 (North America [NA])"", ""Jan 02, 2015 (Europe [EU])""]","[""Wii U""]","[""Platform"", ""Puzzle"", ""Strategy""]","[""Action"", ""Fantasy""]","[""Nintendo EAD Software Development Group No.2"", ""Nintendo"", ""1-UP Studio""]",
2115,Titanfall,https://www.igdb.com/g/1mr,7.960964799117827,Main Game,"[""Mar 11, 2014 ()"", ""Apr 08, 2014 ()"", ""Mar 11, 2014 ()""]","[""PC (Microsoft Windows)"", ""Xbox One"", ""Xbox 360""]","[""Shooter""]","[""Action"", ""Science fiction""]","[""Electronic Arts"", ""Bluepoint Games"", ""Respawn Entertainment""]",
7330,LittleBigPlanet 3,https://www.igdb.com/g/5nm,7.194376281342523,Main Game,"[""Nov 28, 2014 (Europe [EU])"", ""Dec 04, 2014 (Japan [JP])"", ""Nov 28, 2014 (Europe [EU])"", ""Nov 18, 2014 (North America [NA])"", ""Nov 18, 2014 (North America [NA])"", ""Nov 26, 2014 (Australia [AU])"", ""Dec 04, 2014 (Japan [JP])"", ""Nov 26, 2014 (Australia [AU])""]","[""PlayStation 3"", ""PlayStation 4""]","[""Adventure"", ""Platform""]","[""Sandbox""]","[""Sumo Digital"", ""D3T Limited"", ""Sony Computer Entertainment""]",
2955,Elite: Dangerous,https://www.igdb.com/g/2a3,7.9988429529981575,Main Game,"[""Jan 19, 2016 (Worldwide [WW])"", ""May 12, 2015 (Worldwide [WW])"", ""Oct 06, 2015 (Worldwide [WW])"", ""Apr 26, 2016 (North America [NA])"", ""Dec 16, 2014 (Worldwide [WW])"", ""Dec 15, 2015 (Worldwide [WW])"", ""Jun 27, 2017 (Worldwide [WW])""]","[""Oculus Rift"", ""Mac"", ""SteamVR"", ""PC (Microsoft Windows)"", ""PlayStation 4"", ""Xbox One""]","[""Adventure"", ""Role-playing (RPG)"", ""Shooter"", ""Simulator"", ""Strategy""]","[""Action"", ""Open world"", ""Sandbox"", ""Science fiction""]","[""Frontier Developments""]",
3101,Wasteland 2,https://www.igdb.com/g/2e5,7.388240380557305,Main Game,"[""Sep 19, 2014 (Worldwide [WW])"", ""Sep 19, 2014 (Worldwide [WW])"", ""Sep 19, 2014 (Worldwide [WW])"", ""Oct 13, 2015 ()"", ""Oct 13, 2015 ()""]","[""Mac"", ""PC (Microsoft Windows)"", ""PlayStation 4"", ""Xbox One"", ""Linux""]","[""Adventure"", ""Indie"", ""Role-playing (RPG)"", ""Strategy"", ""Turn-based strategy (TBS)""]","[""Action"", ""Science fiction"", ""Stealth"", ""Survival""]","[""Deep Silver"", ""inXile Entertainment""]",
10061,TxK,https://www.igdb.com/g/7rh,,Main Game,"[""Feb 12, 2014 (Europe [EU])"", ""Feb 11, 2014 (North America [NA])""]","[""PlayStation Vita""]","[""Arcade"", ""Shooter""]","[""Action""]","[""Llamasoft LTD""]",
5333,Strider,https://www.igdb.com/g/445,7.327887018782121,Main Game,"[""Feb 19, 2014 (North America [NA])"", ""Feb 19, 2014 (Europe [EU])"", ""Feb 22, 2014 (Japan [JP])"", ""Feb 18, 2014 ()"", ""Feb 18, 2014 ()"", ""Feb 18, 2014 ()"", ""Feb 18, 2014 ()"", ""Feb 18, 2014 ()"", ""Feb 18, 2014 (North America [NA])""]","[""PlayStation 3"", ""PC (Microsoft Windows)"", ""PlayStation 4"", ""Xbox One"", ""Xbox 360""]","[""Adventure"", ""Hack and slash/Beat 'em up"", ""Platform""]","[""Action"", ""Science fiction""]","[""Double Helix Games"", ""Capcom"", ""Capcom Osaka""]",
47482,Caladrius,https://www.igdb.com/g/10my,8.0,Main Game,"[""Oct 04, 2015 (North America [NA])"", ""Apr 25, 2013 (Japan [JP])""]","[""Xbox 360""]","[""Shooter""]","[""Action"", ""Science fiction""]","[""MOSS Co., Ltd.""]",
6032,Borderlands: The Pre'-Sequel,https://www.igdb.com/g/4nk,7.185306172255307,Main Game,"[""Oct 17, 2014 (Europe [EU])"", ""Mar 27, 2015 ()"", ""Oct 14, 2014 (North America [NA])"", ""May 29, 2020 (Worldwide [WW])"", ""Jul 20, 2016 (Worldwide [WW])"", ""Mar 24, 2015 (North America [NA])"", ""Mar 24, 2015 (Worldwide [WW])"", ""Oct 17, 2014 (Europe [EU])"", ""Oct 14, 2014 (North America [NA])"", ""Oct 16, 2014 (Australia [AU])"", ""Oct 30, 2014 (Japan [JP])"", ""Oct 14, 2014 (North America [NA])"", ""Oct 15, 2014 (Europe [EU])"", ""Oct 16, 2014 (Australia [AU])"", ""Oct 16, 2014 (Australia [AU])"", ""Oct 14, 2014 (North America [NA])"", ""Oct 30, 2014 (Japan [JP])"", ""Oct 16, 2014 (Australia [AU])"", ""Oct 14, 2014 (North America [NA])"", ""Oct 17, 2014 (Europe [EU])"", ""Oct 16, 2014 (Australia [AU])"", ""Oct 17, 2014 (Europe [EU])""]","[""Mac"", ""PlayStation 3"", ""PC (Microsoft Windows)"", ""Android"", ""Nintendo Switch"", ""PlayStation 4"", ""Xbox One"", ""Xbox 360"", ""Linux""]","[""Role-playing (RPG)"", ""Shooter""]","[""Action"", ""Comedy"", ""Open world"", ""Science fiction""]","[""2K Australia"", ""Gearbox Software"", ""Aspyr Media"", ""Take-Two Interactive"", ""2K Games""]",
1279,Hearthstone,https://www.igdb.com/g/zj,7.831532483394331,Main Game,"[""Mar 11, 2014 ()"", ""Mar 11, 2014 ()"", ""Apr 17, 2014 ()"", ""Dec 15, 2014 ()""]","[""Mac"", ""PC (Microsoft Windows)"", ""Android"", ""iOS""]","[""Card & Board Game"", ""Strategy"", ""Turn-based strategy (TBS)""]","[""Fantasy""]","[""Blizzard Entertainment""]",
3212,The Sims 4,https://www.igdb.com/g/2h8,7.273208426868358,Main Game,"[""Nov 17, 2017 (Worldwide [WW])"", ""Sep 04, 2014 (Europe [EU])"", ""Sep 04, 2014 (Australia [AU])"", ""Sep 02, 2014 (North America [NA])"", ""Nov 17, 2017 (Worldwide [WW])"", ""Feb 17, 2015 (Worldwide [WW])""]","[""Mac"", ""PC (Microsoft Windows)"", ""PlayStation 4"", ""Xbox One""]","[""Role-playing (RPG)"", ""Simulator""]","[""Action"", ""Comedy"", ""Fantasy"", ""Romance"", ""Sandbox""]","[""The Sims Studio"", ""Maxis"", ""Electronic Arts""]",
5651,Deception IV: Blood Ties,https://www.igdb.com/g/4cz,,Main Game,"[""Mar 25, 2014 (North America [NA])"", ""Mar 25, 2014 ()"", ""Feb 27, 2014 (Japan [JP])"", ""Mar 28, 2014 (Europe [EU])"", ""Mar 28, 2014 (Europe [EU])"", ""Mar 25, 2014 ()"", ""Mar 25, 2014 (North America [NA])""]","[""PlayStation 3"", ""PlayStation Vita""]","[""Puzzle"", ""Real Time Strategy (RTS)"", ""Role-playing (RPG)"", ""Strategy""]","[""Action"", ""Horror""]","[""Koei Tecmo Games""]",
1182,Castlevania: Lords of Shadow 2,https://www.igdb.com/g/wu,7.330183195734351,Main Game,"[""Feb 28, 2014 (Europe [EU])"", ""Feb 25, 2014 (North America [NA])"", ""Sep 04, 2014 (Japan [JP])"", ""Feb 25, 2014 (Worldwide [WW])"", ""Sep 04, 2014 (Japan [JP])"", ""Feb 25, 2014 (North America [NA])"", ""Feb 28, 2014 (Europe [EU])""]","[""PlayStation 3"", ""PC (Microsoft Windows)"", ""Xbox 360""]","[""Adventure"", ""Hack and slash/Beat 'em up""]","[""Action"", ""Fantasy"", ""Horror"", ""Open world""]","[""MercurySteam"", ""Konami""]",
10952,Talisman: Digital Edition,https://www.igdb.com/g/8g8,6.032682088868993,Main Game,"[""Aug 05, 2014 (Worldwide [WW])"", ""Mar 07, 2017 (North America [NA])"", ""Mar 07, 2017 (North America [NA])"", ""Mar 09, 2020 (Europe [EU])"", ""Jun 03, 2021 (North America [NA])"", ""Feb 25, 2014 (Worldwide [WW])"", ""Feb 25, 2014 (Worldwide [WW])"", ""Mar 07, 2017 (Europe [EU])"", ""Apr 30, 2014 (Worldwide [WW])"", ""Mar 09, 2020 (North America [NA])"", ""Mar 07, 2017 (Europe [EU])""]","[""Mac"", ""PC (Microsoft Windows)"", ""Android"", ""Nintendo Switch"", ""PlayStation 4"", ""Xbox One"", ""iOS"", ""PlayStation Vita""]","[""Adventure"", ""Card & Board Game"", ""Indie"", ""Quiz/Trivia"", ""Role-playing (RPG)"", ""Strategy""]","[""Fantasy""]","[""Asmodee Digital"", ""Nomad Games""]",
6632,Call of Duty: Advanced Warfare,https://www.igdb.com/g/548,7.179579093249386,Main Game,"[""Nov 04, 2014 (Worldwide [WW])"", ""Nov 03, 2014 (North America [NA])"", ""Nov 04, 2014 (Worldwide [WW])"", ""Nov 04, 2014 (Worldwide [WW])"", ""Nov 04, 2014 (Worldwide [WW])"", ""Nov 04, 2014 (Worldwide [WW])""]","[""PlayStation 3"", ""PC (Microsoft Windows)"", ""PlayStation 4"", ""Xbox One"", ""Xbox 360""]","[""Shooter""]","[""Action"", ""Science fiction"", ""Warfare""]","[""High Moon Studios"", ""Raven Software"", ""Sledgehammer Games"", ""Activision"", ""Square Enix""]",
1081,The Elder Scrolls Online,https://www.igdb.com/g/u1,7.171576268178221,Main Game,"[""Apr 04, 2014 (Worldwide [WW])"", ""Apr 04, 2014 (Worldwide [WW])"", ""Jun 15, 2021 (Worldwide [WW])"", ""Jun 15, 2021 (Worldwide [WW])"", ""Jun 09, 2015 (Worldwide [WW])"", ""Jun 09, 2015 (Worldwide [WW])"", ""Jun 09, 2015 (North America [NA])"", ""Jun 16, 2020 (Worldwide [WW])"", ""Jun 09, 2015 (Europe [EU])""]","[""Mac"", ""PlayStation 5"", ""Xbox Series X|S"", ""PC (Microsoft Windows)"", ""PlayStation 4"", ""Google Stadia"", ""Xbox One""]","[""Adventure"", ""Role-playing (RPG)""]","[""Action"", ""Fantasy"", ""Open world""]","[""ZeniMax Online Studios"", ""Bethesda Softworks""]",
10635,Crossy Road,https://www.igdb.com/g/87f,6.89357764348276,Main Game,"[""Mar 01, 2018 (Worldwide [WW])"", ""Dec 14, 2014 (Worldwide [WW])"", ""Dec 13, 2014 (Worldwide [WW])"", ""Apr 30, 2015 (Worldwide [WW])"", ""Nov 19, 2014 (Worldwide [WW])"", ""May 01, 2015 (Worldwide [WW])"", ""Aug 24, 2021 (Worldwide [WW])""]","[""Amazon Fire TV"", ""PC (Microsoft Windows)"", ""Android"", ""Web browser"", ""Legacy Mobile Device"", ""Windows Phone"", ""iOS""]","[""Arcade""]","[""Action"", ""Party""]","[""Hipster Whale"", ""OriginData"", ""Yodo1 Games""]",
5617,Yaiba: Ninja Gaiden Z,https://www.igdb.com/g/4c1,6.508337992990479,Main Game,"[""Mar 18, 2014 (North America [NA])"", ""Mar 21, 2014 (Europe [EU])"", ""Mar 18, 2014 ()"", ""Mar 21, 2014 (Worldwide [WW])"", ""Mar 18, 2014 ()""]","[""PlayStation 3"", ""PC (Microsoft Windows)"", ""Xbox 360""]","[""Adventure"", ""Hack and slash/Beat 'em up""]","[""Action"", ""Comedy"", ""Horror"", ""Science fiction""]","[""Koei Tecmo Games"", ""Spark Unlimited"", ""Comcept"", ""Team NINJA""]",
5322,Sonic Boom: Rise of Lyric,https://www.igdb.com/g/43u,1.5898430517888884,Main Game,"[""Dec 18, 2014 (Japan [JP])"", ""Nov 29, 2014 (Australia [AU])"", ""Nov 11, 2014 (North America [NA])"", ""Nov 21, 2014 (Europe [EU])""]","[""Wii U""]","[""Adventure"", ""Platform""]","[""Action"", ""Science fiction""]","[""Big Red Button"", ""Sega""]",
6886,Shin Megami Tensei IV,https://www.igdb.com/g/5ba,8.012459668222668,Main Game,"[""Oct 30, 2014 (Europe [EU])"", ""Jul 16, 2013 (North America [NA])"", ""May 23, 2013 (Japan [JP])""]","[""Nintendo 3DS""]","[""Adventure"", ""Role-playing (RPG)"", ""Turn-based strategy (TBS)""]","[""Fantasy"", ""Horror"", ""Science fiction""]","[""Nintendo"", ""Atlus"", ""Sega""]",
2909,The Legend of Zelda: A Link Between Worlds,https://www.igdb.com/g/28t,8.72497598720707,Main Game,"[""Nov 23, 2013 (Australia [AU])"", ""Nov 22, 2013 (Europe [EU])"", ""Dec 26, 2013 (Japan [JP])"", ""Nov 22, 2013 (North America [NA])""]","[""Nintendo 3DS""]","[""Adventure"", ""Puzzle""]","[""Action"", ""Fantasy"", ""Historical"", ""Open world"", ""Sandbox""]","[""Nintendo EAD Software Development Group No.3"", ""Nintendo"", ""Monolith Soft""]",
378,Metal Gear Rising: Revengeance,https://www.igdb.com/g/ai,7.968913056791288,Main Game,"[""Feb 19, 2013 ()"", ""Feb 19, 2013 (Europe [EU])"", ""Jan 09, 2014 (Worldwide [WW])"", ""Feb 21, 2013 (Japan [JP])"", ""Sep 26, 2014 (Worldwide [WW])"", ""Feb 19, 2013 (North America [NA])"", ""Feb 19, 2013 ()""]","[""Mac"", ""PlayStation 3"", ""PC (Microsoft Windows)"", ""Xbox 360""]","[""Adventure"", ""Hack and slash/Beat 'em up"", ""Shooter"", ""Strategy""]","[""Action"", ""Fantasy"", ""Historical"", ""Science fiction"", ""Stealth""]","[""PlatinumGames"", ""Konami"", ""XAX Entertainment""]",
2993,The Wolf Among Us,https://www.igdb.com/g/2b5,8.343417665826804,Main Game,"[""Nov 12, 2014 ()"", ""Jun 02, 2014 ()"", ""Dec 04, 2013 (Worldwide [WW])"", ""Oct 14, 2013 (Worldwide [WW])"", ""Oct 11, 2013 (Worldwide [WW])"", ""Oct 16, 2013 (Australia [AU])"", ""Nov 07, 2014 (Europe [EU])"", ""Nov 04, 2014 (North America [NA])"", ""Nov 07, 2014 (Europe [EU])"", ""Nov 04, 2014 (North America [NA])"", ""Oct 11, 2013 (Worldwide [WW])"", ""Nov 07, 2014 (Europe [EU])"", ""Nov 04, 2014 (North America [NA])""]","[""Mac"", ""PlayStation 3"", ""PC (Microsoft Windows)"", ""Android"", ""PlayStation 4"", ""Xbox One"", ""iOS"", ""Xbox 360"", ""PlayStation Vita""]","[""Adventure"", ""Point-and-click""]","[""Action"", ""Drama"", ""Fantasy"", ""Mystery"", ""Thriller""]","[""Telltale Games""]",
2241,Pikmin 3,https://www.igdb.com/g/1q9,7.910618461230903,Main Game,"[""Jul 13, 2013 (Japan [JP])"", ""Jul 26, 2013 (Europe [EU])"", ""Aug 03, 2013 (North America [NA])"", ""Nov 26, 2013 (Brazil [BR])""]","[""Wii U""]","[""Adventure"", ""Real Time Strategy (RTS)""]","[""Action"", ""Science fiction""]","[""Nintendo EAD Software Development Group No.4"", ""Nintendo""]",
2180,Super Mario 3D World,https://www.igdb.com/g/1ok,8.433634851176773,Main Game,"[""Nov 26, 2013 (Brazil [BR])"", ""Nov 21, 2013 (North America [NA])"", ""Nov 21, 2013 (Japan [JP])"", ""Mar 11, 2016 (North America [NA])"", ""Sep 30, 2016 (Europe [EU])"", ""Nov 29, 2013 (Europe [EU])"", ""Nov 30, 2013 (Australia [AU])""]","[""Wii U""]","[""Platform""]","[""Action""]","[""1-UP Studio"", ""Nintendo Entertainment Analysis & Development"", ""Nintendo""]",
18453,The Stanley Parable,https://www.igdb.com/g/e8l,8.27079425441748,Mod,"[""Aug 01, 2011 (Worldwide [WW])"", ""Aug 01, 2011 (Worldwide [WW])""]","[""Mac"", ""PC (Microsoft Windows)""]","[""Indie""]","[""Comedy"", ""Drama""]","[""Cakebread""]",
2639,The Wonderful 101,https://www.igdb.com/g/21b,8.197183170915403,Main Game,"[""Aug 24, 2013 (Japan [JP])"", ""Aug 23, 2013 (Europe [EU])"", ""Sep 15, 2013 (North America [NA])"", ""Nov 26, 2013 (Brazil [BR])""]","[""Wii U""]","[""Adventure"", ""Hack and slash/Beat 'em up"", ""Strategy""]","[""Action"", ""Comedy"", ""Science fiction""]","[""PlatinumGames"", ""Nintendo"", ""XAX Entertainment""]",
538,BioShock Infinite,https://www.igdb.com/g/ey,8.565852306689616,Main Game,"[""Mar 17, 2015 (Worldwide [WW])"", ""Jun 01, 2013 (North America [NA])"", ""Aug 29, 2013 (Worldwide [WW])"", ""Jun 28, 2013 (Japan [JP])"", ""Mar 25, 2013 (Worldwide [WW])"", ""Apr 25, 2013 (Japan [JP])"", ""Mar 26, 2013 (Worldwide [WW])"", ""Mar 26, 2013 (Worldwide [WW])"", ""Apr 25, 2013 (Japan [JP])""]","[""Mac"", ""PlayStation 3"", ""PC (Microsoft Windows)"", ""Xbox 360"", ""Linux""]","[""Adventure"", ""Shooter""]","[""Action"", ""Drama"", ""Fantasy"", ""Historical"", ""Horror"", ""Science fiction""]","[""Virtual Programming"", ""Aspyr Media"", ""2K Games"", ""Irrational Games"", ""2K Australia"", ""Human Head Studios""]",
1305,Tom Clancy's Splinter Cell: Blacklist,https://www.igdb.com/g/109,8.169736939522908,Main Game,"[""Aug 20, 2013 (North America [NA])"", ""Aug 22, 2013 (Europe [EU])"", ""Aug 20, 2013 ()"", ""Aug 20, 2013 ()"", ""Aug 20, 2013 (Worldwide [WW])"", ""Aug 20, 2013 ()""]","[""PlayStation 3"", ""Wii U"", ""PC (Microsoft Windows)"", ""Xbox 360""]","[""Adventure"", ""Shooter"", ""Tactical""]","[""Action"", ""Stealth""]","[""Ubisoft Toronto"", ""Ubisoft Entertainment"", ""Ubisoft Montreal"", ""Ubisoft Shanghai""]",
1164,Tomb Raider,https://www.igdb.com/g/wc,8.171277735514332,Main Game,"[""Jan 23, 2014 (Worldwide [WW])"", ""Mar 04, 2013 (Worldwide [WW])"", ""Apr 27, 2016 (Worldwide [WW])"", ""Mar 05, 2013 (Worldwide [WW])"", ""Apr 25, 2013 (Japan [JP])"", ""Mar 04, 2013 (North America [NA])"", ""Mar 06, 2013 (Asia [AS])"", ""Apr 25, 2013 (Japan [JP])"", ""Mar 05, 2013 (Worldwide [WW])"", ""Feb 12, 2026 (Worldwide [WW])"", ""Feb 12, 2026 (Worldwide [WW])""]","[""Mac"", ""PlayStation 3"", ""PC (Microsoft Windows)"", ""Android"", ""iOS"", ""Xbox 360"", ""Linux""]","[""Adventure"", ""Platform"", ""Puzzle"", ""Shooter""]","[""Action"", ""Sandbox"", ""Survival""]","[""Nixxes Software"", ""Crystal Dynamics"", ""Square Enix"", ""Eidos Montréal"", ""Feral Interactive""]",
3002,Dragon's Crown,https://www.igdb.com/g/2be,7.854196848087526,Main Game,"[""TBD ()"", ""TBD ()"", ""Aug 06, 2013 (North America [NA])"", ""Jul 25, 2013 (Japan [JP])"", ""Oct 11, 2013 (Europe [EU])"", ""Aug 06, 2013 (North America [NA])"", ""Oct 11, 2013 (Europe [EU])"", ""Jul 25, 2013 (Japan [JP])""]","[""Dreamcast"", ""PlayStation 3"", ""Wii"", ""PlayStation Vita""]","[""Hack and slash/Beat 'em up"", ""Role-playing (RPG)""]","[""Action"", ""Fantasy"", ""Historical""]","[""Vanillaware"", ""Nippon Ichi Software"", ""Atlus""]",
2001,Far Cry 3: Blood Dragon,https://www.igdb.com/g/1jl,7.8521776409651975,Standalone Expansion,"[""May 01, 2013 (Worldwide [WW])"", ""May 01, 2013 (Worldwide [WW])"", ""Jul 07, 2022 (Worldwide [WW])"", ""Apr 30, 2013 (Worldwide [WW])""]","[""PlayStation 3"", ""PC (Microsoft Windows)"", ""Google Stadia"", ""Xbox 360""]","[""Adventure"", ""Shooter""]","[""Action"", ""Comedy"", ""Open world"", ""Sandbox"", ""Science fiction"", ""Stealth""]","[""Ubisoft Shanghai"", ""Ubisoft Montreal"", ""Ubisoft Entertainment""]",
2476,Luigi's Mansion: Dark Moon,https://www.igdb.com/g/1ws,7.868081780972569,Main Game,"[""Mar 23, 2013 (North America [NA])"", ""Mar 20, 2013 (Japan [JP])"", ""Mar 24, 2013 ()"", ""TBD (China [CH])"", ""Mar 28, 2013 (Europe [EU])"", ""Mar 28, 2013 (Australia [AU])""]","[""Nintendo 3DS""]","[""Adventure"", ""Puzzle""]","[""Action"", ""Comedy"", ""Horror""]","[""Nintendo"", ""Next Level Games"", ""Nintendo SPD""]",
2286,Pokémon X,https://www.igdb.com/g/1ri,7.821316892526832,Main Game,"[""Oct 12, 2013 (Worldwide [WW])""]","[""Nintendo 3DS""]","[""Adventure"", ""Role-playing (RPG)"", ""Turn-based strategy (TBS)""]","[""Fantasy"", ""Open world"", ""Science fiction""]","[""The Pokémon Company"", ""Nintendo"", ""Creatures Inc."", ""Game Freak""]",
2173,New Super Luigi U,https://www.igdb.com/g/1od,7.52815238607022,Standalone Expansion,"[""Jun 20, 2013 (Worldwide [WW])"", ""Aug 25, 2013 (North America [NA])"", ""Nov 26, 2013 (Brazil [BR])"", ""Jul 13, 2013 (Japan [JP])"", ""Jul 26, 2013 (Europe [EU])""]","[""Wii U""]","[""Adventure"", ""Platform""]","[""Action"", ""Comedy"", ""Kids""]","[""Nintendo"", ""Nintendo EAD Software Development Group No.4""]",
2903,Warframe,https://www.igdb.com/g/28n,7.459738800382397,Main Game,"[""Feb 22, 2014 (Japan [JP])"", ""Nov 20, 2018 (Worldwide [WW])"", ""Nov 20, 2018 (North America [NA])"", ""Apr 13, 2021 (Worldwide [WW])"", ""Sep 02, 2014 (Worldwide [WW])"", ""Nov 15, 2013 (North America [NA])"", ""Mar 25, 2013 (Worldwide [WW])"", ""Nov 26, 2020 (Worldwide [WW])"", ""Nov 29, 2013 (Europe [EU])"", ""Feb 20, 2024 (Worldwide [WW])"", ""Feb 18, 2026 (Worldwide [WW])"", ""Q1 2026 (Worldwide [WW])"", ""Mar 25, 2026 (Worldwide [WW])""]","[""PlayStation 5"", ""Xbox Series X|S"", ""Nintendo Switch 2"", ""PC (Microsoft Windows)"", ""Android"", ""Nintendo Switch"", ""PlayStation 4"", ""Xbox One"", ""iOS""]","[""Adventure"", ""Role-playing (RPG)"", ""Shooter""]","[""Action"", ""Science fiction""]","[""Panic Button Games"", ""Digital Extremes""]",
1919,Deadpool,https://www.igdb.com/g/1hb,7.021991836270611,Main Game,"[""Jun 26, 2013 (Australia [AU])"", ""Jun 25, 2013 (North America [NA])"", ""Nov 20, 2015 (Europe [EU])"", ""Nov 20, 2015 (Europe [EU])"", ""Jun 28, 2013 (Europe [EU])"", ""Jun 26, 2013 (Australia [AU])"", ""Jun 25, 2013 (North America [NA])"", ""Jun 28, 2013 (Europe [EU])"", ""Jun 28, 2013 (Europe [EU])"", ""Nov 17, 2015 (North America [NA])"", ""Jun 25, 2013 (North America [NA])"", ""Jun 26, 2013 (Australia [AU])"", ""Nov 17, 2015 (North America [NA])""]","[""PlayStation 3"", ""PC (Microsoft Windows)"", ""PlayStation 4"", ""Xbox One"", ""Xbox 360""]","[""Adventure"", ""Hack and slash/Beat 'em up"", ""Shooter""]","[""Action"", ""Comedy""]","[""High Moon Studios"", ""Activision"", ""Iron Galaxy Studios"", ""Mercenary Technology""]",
2175,The Cave,https://www.igdb.com/g/1of,7.145702372137886,Main Game,"[""Jan 22, 2013 (North America [NA])"", ""Dec 18, 2013 (Worldwide [WW])"", ""Jan 22, 2013 ()"", ""Nov 01, 2013 (Europe [EU])"", ""Jan 23, 2013 (Europe [EU])"", ""Aug 28, 2013 (Japan [JP])"", ""Jan 22, 2013 ()"", ""Jan 22, 2013 ()"", ""Jan 22, 2013 ()"", ""Feb 15, 2013 (Europe [EU])"", ""Jan 23, 2013 (North America [NA])"", ""Jan 22, 2013 ()"", ""Oct 03, 2013 ()"", ""Jan 23, 2013 (Europe [EU])"", ""Jan 22, 2013 (North America [NA])""]","[""Mac"", ""PlayStation 3"", ""Wii U"", ""PC (Microsoft Windows)"", ""Android"", ""Xbox One"", ""iOS"", ""Xbox 360"", ""Linux""]","[""Adventure"", ""Platform"", ""Puzzle""]","[""Action"", ""Comedy"", ""Fantasy""]","[""Double Fine Productions"", ""Sega""]",
1342,Beyond: Two Souls,https://www.igdb.com/g/11a,7.2942070842600755,Main Game,"[""Oct 11, 2013 (Europe [EU])"", ""Jun 18, 2020 (Worldwide [WW])"", ""Oct 08, 2013 (North America [NA])"", ""Oct 17, 2013 (Japan [JP])"", ""Jul 22, 2019 (Worldwide [WW])"", ""Nov 24, 2015 (Worldwide [WW])"", ""Oct 09, 2013 (Australia [AU])""]","[""PlayStation 3"", ""PC (Microsoft Windows)"", ""PlayStation 4""]","[""Adventure""]","[""Action"", ""Drama"", ""Science fiction"", ""Thriller""]","[""Quantic Dream"", ""Sony Computer Entertainment""]",
2940,Killer Is Dead,https://www.igdb.com/g/29o,5.916964371844959,Main Game,"[""Aug 27, 2013 (North America [NA])"", ""Aug 30, 2013 (Europe [EU])"", ""Aug 01, 2013 (Japan [JP])"", ""Aug 27, 2013 (North America [NA])"", ""Aug 09, 2013 (Australia [AU])"", ""Aug 30, 2013 (Europe [EU])"", ""Aug 01, 2013 (Japan [JP])"", ""Aug 29, 2013 (Australia [AU])""]","[""PlayStation 3"", ""Xbox 360""]","[""Hack and slash/Beat 'em up""]","[""Action""]","[""XSEED Games"", ""Kadokawa Games"", ""Deep Silver"", ""Grasshopper Manufacture""]",
1981,Saints Row IV,https://www.igdb.com/g/1j1,7.405121890172997,Main Game,"[""Sep 12, 2013 (Australia [AU])"", ""Jan 20, 2015 (North America [NA])"", ""Sep 12, 2013 (Australia [AU])"", ""Aug 23, 2013 (North America [NA])"", ""Aug 23, 2013 (Europe [EU])"", ""Jan 23, 2015 (Europe [EU])"", ""Aug 23, 2013 (Europe [EU])"", ""Jan 23, 2015 (Europe [EU])"", ""Aug 20, 2013 (North America [NA])"", ""Aug 20, 2013 (North America [NA])"", ""Aug 23, 2013 (Europe [EU])"", ""Sep 12, 2013 (Australia [AU])"", ""Aug 20, 2013 (North America [NA])"", ""Aug 20, 2013 (Worldwide [WW])"", ""Aug 20, 2013 (Worldwide [WW])""]","[""PlayStation 3"", ""PC (Microsoft Windows)"", ""PlayStation 4"", ""Xbox One"", ""Xbox 360"", ""Linux""]","[""Adventure"", ""Shooter""]","[""Action"", ""Comedy"", ""Open world"", ""Sandbox"", ""Science fiction""]","[""High Voltage Software"", ""Deep Silver"", ""Volition""]",
1918,Injustice: Gods Among Us,https://www.igdb.com/g/1ha,7.251375404118998,Main Game,"[""Apr 19, 2013 (Europe [EU])"", ""Nov 26, 2013 (Brazil [BR])"", ""Apr 17, 2013 (Australia [AU])"", ""Jun 09, 2013 (Japan [JP])"", ""Jun 09, 2013 (Japan [JP])"", ""Apr 16, 2013 (North America [NA])"", ""Apr 17, 2013 (Australia [AU])"", ""Apr 16, 2013 (North America [NA])"", ""Apr 17, 2013 (Australia [AU])"", ""Apr 16, 2013 (North America [NA])""]","[""PlayStation 3"", ""Wii U"", ""Xbox 360""]","[""Adventure"", ""Fighting""]","[""Action""]","[""NetherRealm Studios"", ""WB Games""]",
1827,Remember Me,https://www.igdb.com/g/1er,7.325806887915239,Main Game,"[""Jun 07, 2013 (Europe [EU])"", ""Jun 05, 2013 (Australia [AU])"", ""Jun 06, 2013 (Australia [AU])"", ""Jun 04, 2013 (North America [NA])"", ""Jun 05, 2013 (Asia [AS])"", ""Jun 06, 2013 (Australia [AU])"", ""Jun 03, 2013 (Worldwide [WW])"", ""Jun 04, 2013 (North America [NA])"", ""Jun 05, 2013 (Asia [AS])"", ""Jun 07, 2013 (Europe [EU])"", ""Jun 05, 2013 (Asia [AS])"", ""Jun 07, 2013 (Europe [EU])""]","[""PlayStation 3"", ""PC (Microsoft Windows)"", ""Xbox 360""]","[""Adventure"", ""Platform""]","[""Action"", ""Science fiction"", ""Stealth""]","[""Capcom"", ""DON'T NOD""]",
2963,Dota 2,https://www.igdb.com/g/2ab,7.912155048938188,Main Game,"[""Jul 09, 2013 (Worldwide [WW])"", ""Jul 09, 2013 (Worldwide [WW])"", ""Jul 09, 2013 (Worldwide [WW])""]","[""Mac"", ""PC (Microsoft Windows)"", ""Linux""]","[""MOBA"", ""Strategy""]","[""Action"", ""Fantasy"", ""Warfare""]","[""Valve""]",
2033,Call of Duty: Ghosts,https://www.igdb.com/g/1kh,6.492694619021119,Main Game,"[""Nov 05, 2013 ()"", ""Nov 05, 2013 (North America [NA])"", ""Nov 05, 2013 ()"", ""Nov 05, 2013 ()"", ""Nov 05, 2013 (North America [NA])"", ""Nov 05, 2013 (Europe [EU])"", ""Nov 15, 2013 ()"", ""Nov 22, 2013 ()"", ""Nov 15, 2013 (North America [NA])"", ""Nov 22, 2013 (North America [NA])"", ""Nov 29, 2013 (Europe [EU])"", ""Nov 05, 2013 (Europe [EU])"", ""Nov 05, 2013 ()""]","[""PlayStation 3"", ""Wii U"", ""PC (Microsoft Windows)"", ""PlayStation 4"", ""Xbox One"", ""Xbox 360""]","[""Shooter""]","[""Action"", ""Science fiction"", ""Stealth"", ""Survival"", ""Thriller"", ""Warfare""]","[""Neversoft Entertainment"", ""Activision"", ""Infinity Ward"", ""Raven Software"", ""Treyarch"", ""Certain Affinity""]",
1149,Castlevania: Lords of Shadow '- Mirror of Fate,https://www.igdb.com/g/vx,6.5782795444546815,Main Game,"[""Mar 08, 2013 (Europe [EU])"", ""Mar 05, 2013 (North America [NA])"", ""Mar 20, 2013 (Japan [JP])"", ""Mar 09, 2013 (Australia [AU])""]","[""Nintendo 3DS""]","[""Adventure"", ""Platform""]","[""Action"", ""Fantasy"", ""Historical"", ""Horror""]","[""MercurySteam"", ""Konami Digital Entertainment""]",
244,The Bureau: XCOM Declassified,https://www.igdb.com/g/6s,5.874874684733866,Main Game,"[""Aug 23, 2013 (Europe [EU])"", ""Aug 06, 2013 ()"", ""Aug 19, 2013 (Worldwide [WW])"", ""Aug 19, 2013 (Worldwide [WW])"", ""Aug 20, 2013 (North America [NA])"", ""Aug 20, 2013 ()""]","[""Mac"", ""PlayStation 3"", ""PC (Microsoft Windows)"", ""Xbox 360""]","[""Shooter"", ""Strategy"", ""Tactical""]","[""Action"", ""Fantasy"", ""Historical"", ""Science fiction""]","[""2K Marin"", ""2K Games""]",
2607,Sonic Lost World,https://www.igdb.com/g/20f,5.108385011733014,Main Game,"[""Oct 18, 2013 (Europe [EU])"", ""Oct 24, 2013 (Japan [JP])"", ""Oct 29, 2013 (North America [NA])"", ""Oct 19, 2013 (Australia [AU])"", ""Nov 02, 2015 (Worldwide [WW])""]","[""Wii U"", ""PC (Microsoft Windows)""]","[""Adventure"", ""Platform""]","[""Action""]","[""Nintendo"", ""Sega"", ""Sonic Team""]",
7671,Flappy Bird,https://www.igdb.com/g/5x3,4.782028055045065,Main Game,"[""Sep 11, 2013 (North America [NA])"", ""May 24, 2013 ()"", ""May 24, 2013 ()"", ""Jan 30, 2014 (North America [NA])""]","[""Android"", ""iOS""]","[""Arcade""]","[""Action""]","["".GEARS Studios""]",
1021,Aliens: Colonial Marines,https://www.igdb.com/g/sd,4.720142798005847,Main Game,"[""Feb 12, 2013 (Worldwide [WW])"", ""Feb 12, 2013 (Worldwide [WW])"", ""Feb 12, 2013 (Worldwide [WW])"", ""Apr 05, 2013 (Worldwide [WW])""]","[""PlayStation 3"", ""Wii U"", ""PC (Microsoft Windows)"", ""Xbox 360""]","[""Shooter""]","[""Action"", ""Horror"", ""Science fiction""]","[""Gearbox Software"", ""Demiurge Studios"", ""TimeGate Studios"", ""Nerve Software, LLC"", ""Sega""]",
36278,The House in Fata Morgana,https://www.igdb.com/g/rzq,8.500230685540815,Main Game,"[""Mar 26, 2025 (Worldwide [WW])"", ""Mar 26, 2025 (Worldwide [WW])"", ""Dec 31, 2012 (Japan [JP])"", ""May 13, 2016 (Worldwide [WW])"", ""May 16, 2014 (Japan [JP])"", ""Jul 27, 2016 (Japan [JP])"", ""May 17, 2018 (Worldwide [WW])""]","[""PC (Microsoft Windows)"", ""Android"", ""Nintendo 3DS"", ""iOS""]","[""Adventure"", ""Indie"", ""Visual Novel""]","[""Drama"", ""Horror"", ""Mystery"", ""Thriller""]","[""FuRyu"", ""MangaGamer"", ""Gengosha"", ""NOVECT"", ""Crunchyroll Games""]",
3665,Kid Icarus: Uprising,https://www.igdb.com/g/2tt,8.05168441323811,Main Game,"[""Mar 23, 2012 (Europe [EU])"", ""Mar 22, 2012 (North America [NA])"", ""Mar 22, 2012 (Japan [JP])"", ""Mar 29, 2012 (Australia [AU])""]","[""Nintendo 3DS""]","[""Hack and slash/Beat 'em up"", ""Shooter""]","[""Action"", ""Fantasy""]","[""Nintendo"", ""Sora"", ""Project Sora""]",
2063,Yakuza 5,https://www.igdb.com/g/1lb,8.11378213851069,Main Game,"[""Dec 06, 2012 (Japan [JP])"", ""Dec 08, 2015 (Worldwide [WW])""]","[""PlayStation 3""]","[""Adventure""]","[""Action"", ""Open world""]","[""Sega"", ""Ryu Ga Gotoku Studio""]",
75,Mass Effect 3,https://www.igdb.com/g/23,8.517809122799191,Main Game,"[""Mar 06, 2012 (Worldwide [WW])"", ""Mar 06, 2012 (Worldwide [WW])"", ""Mar 06, 2012 (North America [NA])"", ""Mar 09, 2012 (Europe [EU])""]","[""PlayStation 3"", ""PC (Microsoft Windows)"", ""Xbox 360""]","[""Adventure"", ""Role-playing (RPG)"", ""Shooter"", ""Strategy""]","[""Action"", ""Science fiction""]","[""BioWare"", ""Electronic Arts"", ""BioWare Edmonton""]",
1352,Journey,https://www.igdb.com/g/11k,8.54678999966917,Main Game,"[""Jul 21, 2015 (Australia [AU])"", ""Jul 21, 2015 (Europe [EU])"", ""Jul 21, 2015 (North America [NA])"", ""Jun 06, 2019 (Worldwide [WW])"", ""Jul 23, 2015 (Japan [JP])"", ""Mar 15, 2012 (Australia [AU])"", ""Mar 15, 2012 (Japan [JP])"", ""Mar 14, 2012 (Europe [EU])"", ""Mar 13, 2012 (North America [NA])"", ""Aug 06, 2019 (Worldwide [WW])""]","[""PlayStation 3"", ""PC (Microsoft Windows)"", ""PlayStation 4"", ""iOS""]","[""Adventure"", ""Platform""]","[""Fantasy""]","[""ThatGameCompany"", ""SCE Santa Monica Studio"", ""Sony Computer Entertainment"", ""Annapurna Interactive"", ""Inline Assembly""]",
960,Max Payne 3,https://www.igdb.com/g/qo,8.19177110099085,Main Game,"[""May 18, 2012 (Europe [EU])"", ""May 15, 2012 (North America [NA])"", ""May 18, 2012 (Europe [EU])"", ""Jun 01, 2012 (North America [NA])"", ""Jun 20, 2013 (Worldwide [WW])"", ""Jun 05, 2012 (Australia [AU])"", ""May 18, 2012 (Australia [AU])"", ""May 15, 2012 (North America [NA])"", ""Jun 01, 2012 (Europe [EU])"", ""May 18, 2012 (Australia [AU])""]","[""Mac"", ""PlayStation 3"", ""PC (Microsoft Windows)"", ""Xbox 360""]","[""Shooter""]","[""Action"", ""Sandbox"", ""Thriller""]","[""Rockstar New England"", ""Rockstar Vancouver"", ""Rockstar Games"", ""Take-Two Interactive"", ""Rockstar London"", ""Rockstar Toronto""]",
1318,XCOM: Enemy Unknown,https://www.igdb.com/g/10m,8.254823906926713,Remake,"[""Oct 09, 2012 (North America [NA])"", ""Oct 12, 2012 (Europe [EU])"", ""Apr 25, 2013 (Worldwide [WW])"", ""Jun 19, 2014 (Worldwide [WW])"", ""Oct 09, 2012 (Worldwide [WW])"", ""Jun 20, 2013 (Worldwide [WW])"", ""Oct 12, 2012 (Europe [EU])"", ""Apr 23, 2014 (Worldwide [WW])"", ""Oct 09, 2012 (North America [NA])""]","[""Mac"", ""PlayStation 3"", ""PC (Microsoft Windows)"", ""Android"", ""iOS"", ""Xbox 360"", ""Linux""]","[""Role-playing (RPG)"", ""Simulator"", ""Strategy"", ""Tactical"", ""Turn-based strategy (TBS)""]","[""Action"", ""Science fiction"", ""Warfare""]","[""2K Games"", ""Firaxis Games"", ""Feral Interactive""]",
11701,Gravity Rush,https://www.igdb.com/g/911,8.025742791104722,Main Game,"[""Feb 09, 2012 (Japan [JP])"", ""Jun 13, 2012 (Europe [EU])"", ""Jun 12, 2012 (North America [NA])""]","[""PlayStation Vita""]","[""Adventure"", ""Role-playing (RPG)""]","[""Action"", ""Comedy"", ""Open world"", ""Sandbox""]","[""SCE Japan Studio"", ""Sony Computer Entertainment""]",
5495,Asura's Wrath,https://www.igdb.com/g/48n,7.915893190797103,Main Game,"[""Feb 21, 2012 (North America [NA])"", ""Feb 22, 2012 (Japan [JP])"", ""Feb 21, 2012 ()"", ""Feb 21, 2012 ()"", ""Mar 09, 2012 (Europe [EU])""]","[""PlayStation 3"", ""Xbox 360""]","[""Hack and slash/Beat 'em up""]","[""Action""]","[""Capcom"", ""CyberConnect2""]",
1377,Spec Ops: The Line,https://www.igdb.com/g/129,8.206649098324375,Main Game,"[""Jun 29, 2012 (Australia [AU])"", ""Nov 07, 2013 (Worldwide [WW])"", ""Jun 26, 2012 (North America [NA])"", ""Jun 29, 2012 (Europe [EU])"", ""Jun 29, 2012 (Europe [EU])"", ""Jun 26, 2012 (North America [NA])"", ""Aug 30, 2012 (Japan [JP])"", ""Jun 29, 2012 (Australia [AU])"", ""Jun 29, 2012 (Europe [EU])"", ""Aug 30, 2012 (Japan [JP])"", ""Jun 26, 2012 (North America [NA])"", ""May 14, 2015 (Worldwide [WW])"", ""Jun 29, 2012 (Australia [AU])"", ""Jun 28, 2012 (Asia [AS])"", ""Jun 28, 2012 (Asia [AS])"", ""Jun 28, 2012 (Asia [AS])""]","[""Mac"", ""PlayStation 3"", ""PC (Microsoft Windows)"", ""Xbox 360"", ""Linux""]","[""Adventure"", ""Shooter""]","[""Action"", ""Stealth"", ""Warfare""]","[""Darkside Game Studios"", ""2K Games"", ""Yager Development"", ""Missing Link Games"", ""Take-Two Interactive""]",
1011,Borderlands 2,https://www.igdb.com/g/s3,8.359186447612045,Main Game,"[""Jul 20, 2016 (Worldwide [WW])"", ""Dec 19, 2012 (Worldwide [WW])"", ""May 28, 2014 (Europe [EU])"", ""Sep 21, 2012 (Asia [AS])"", ""Sep 21, 2012 (Europe [EU])"", ""May 29, 2020 (Worldwide [WW])"", ""May 28, 2014 (Australia [AU])"", ""Mar 24, 2014 (North America [NA])"", ""Mar 27, 2015 (Worldwide [WW])"", ""Sep 18, 2012 (North America [NA])"", ""Mar 27, 2015 ()"", ""Sep 18, 2012 (North America [NA])"", ""Oct 25, 2012 (Japan [JP])"", ""Oct 25, 2012 (Japan [JP])"", ""Oct 25, 2012 (Japan [JP])"", ""Dec 04, 2014 (Japan [JP])"", ""Sep 20, 2012 (Australia [AU])"", ""Sep 20, 2012 (Australia [AU])"", ""Sep 21, 2012 (Europe [EU])"", ""May 13, 2014 (North America [NA])"", ""Sep 21, 2012 (Asia [AS])"", ""Sep 21, 2012 (Europe [EU])"", ""Sep 18, 2012 (North America [NA])"", ""Sep 30, 2014 (Worldwide [WW])"", ""Sep 20, 2012 (Australia [AU])""]","[""Mac"", ""PlayStation 3"", ""PC (Microsoft Windows)"", ""Android"", ""Nintendo Switch"", ""PlayStation 4"", ""Xbox One"", ""Xbox 360"", ""PlayStation Vita"", ""Linux""]","[""Role-playing (RPG)"", ""Shooter""]","[""Action"", ""Comedy"", ""Open world"", ""Sandbox"", ""Science fiction""]","[""Gearbox Software"", ""2K Games"", ""Iron Galaxy Studios"", ""Sony Computer Entertainment of America"", ""Aspyr Media""]",
1991,Fez,https://www.igdb.com/g/1jb,8.12774728255248,Main Game,"[""Mar 25, 2014 (Worldwide [WW])"", ""Sep 11, 2013 (Worldwide [WW])"", ""Mar 25, 2014 (Worldwide [WW])"", ""Mar 25, 2014 (Worldwide [WW])"", ""May 01, 2013 (Worldwide [WW])"", ""Aug 20, 2014 (Japan [JP])"", ""Apr 14, 2021 (North America [NA])"", ""Sep 11, 2013 (Worldwide [WW])"", ""Apr 14, 2021 (Europe [EU])"", ""Apr 13, 2012 (Worldwide [WW])"", ""Aug 20, 2014 (Japan [JP])"", ""Dec 13, 2017 (Worldwide [WW])"", ""Aug 20, 2014 (Japan [JP])""]","[""Mac"", ""PlayStation 3"", ""PC (Microsoft Windows)"", ""Nintendo Switch"", ""PlayStation 4"", ""iOS"", ""Xbox 360"", ""PlayStation Vita"", ""Linux""]","[""Adventure"", ""Indie"", ""Platform"", ""Puzzle""]","[""Fantasy"", ""Open world""]","[""BlitWorks"", ""Microsoft Studios"", ""Trapdoor"", ""Polytron Corporation""]",
3968,Dragon's Dogma,https://www.igdb.com/g/328,7.254486199422677,Main Game,"[""May 25, 2012 (Europe [EU])"", ""May 24, 2012 (Australia [AU])"", ""May 24, 2012 (Japan [JP])"", ""May 22, 2012 (North America [NA])"", ""May 25, 2012 (Europe [EU])"", ""May 24, 2012 (Australia [AU])"", ""May 24, 2012 (Japan [JP])"", ""May 22, 2012 (North America [NA])""]","[""PlayStation 3"", ""Xbox 360""]","[""Adventure"", ""Hack and slash/Beat 'em up"", ""Role-playing (RPG)""]","[""Action"", ""Fantasy"", ""Historical"", ""Open world"", ""Sandbox""]","[""Capcom""]",
2174,Sonic & All'-Stars Racing Transformed,https://www.igdb.com/g/1oe,8.006690774200317,Main Game,"[""Jan 02, 2014 (Worldwide [WW])"", ""Jan 02, 2014 (Worldwide [WW])"", ""Nov 16, 2012 (Europe [EU])"", ""Nov 15, 2012 (Australia [AU])"", ""May 15, 2014 (Japan [JP])"", ""Nov 18, 2012 (North America [NA])"", ""Nov 16, 2012 (Europe [EU])"", ""Dec 07, 2012 (Europe [EU])"", ""Dec 11, 2012 (North America [NA])"", ""Nov 30, 2012 (Europe [EU])"", ""May 15, 2014 (Japan [JP])"", ""Nov 18, 2012 (North America [NA])"", ""Nov 15, 2012 (Australia [AU])"", ""May 15, 2014 (Japan [JP])"", ""Nov 20, 2012 (North America [NA])""]","[""PlayStation 3"", ""Wii U"", ""Android"", ""iOS"", ""Xbox 360"", ""PlayStation Vita""]","[""Arcade"", ""Racing"", ""Sport""]","[""Action"", ""Comedy"", ""Fantasy"", ""Science fiction""]","[""Sega"", ""Sumo Digital"", ""Sega Europe""]",
1284,Lollipop Chainsaw,https://www.igdb.com/g/zo,7.091151416539001,Main Game,"[""Jun 12, 2012 (North America [NA])"", ""Jun 15, 2012 (Europe [EU])"", ""Jun 14, 2012 (Japan [JP])"", ""Jun 13, 2012 (Australia [AU])"", ""Jun 14, 2012 (Japan [JP])"", ""Jun 13, 2012 (Australia [AU])"", ""Jun 12, 2012 (North America [NA])"", ""Jun 15, 2012 (Europe [EU])""]","[""PlayStation 3"", ""Xbox 360""]","[""Hack and slash/Beat 'em up""]","[""Action"", ""Comedy""]","[""WB Games"", ""Kadokawa Games"", ""Grasshopper Manufacture""]",
6913,Binary Domain,https://www.igdb.com/g/5c1,7.7741729217955875,Main Game,"[""Feb 24, 2012 (Europe [EU])"", ""Feb 16, 2012 (Japan [JP])"", ""Feb 16, 2012 (Japan [JP])"", ""Feb 23, 2012 (Australia [AU])"", ""Feb 28, 2012 (North America [NA])"", ""Apr 27, 2012 (Worldwide [WW])"", ""Feb 28, 2012 (North America [NA])"", ""Feb 24, 2012 (Europe [EU])"", ""Feb 23, 2012 (Australia [AU])"", ""Apr 27, 2012 ()""]","[""PlayStation 3"", ""PC (Microsoft Windows)"", ""Xbox 360""]","[""Puzzle"", ""Shooter""]","[""Action"", ""Science fiction""]","[""Sega"", ""Devil's Details"", ""Ryu Ga Gotoku Studio""]",
1383,Dead or Alive 5,https://www.igdb.com/g/12f,7.436668334237285,Main Game,"[""Sep 25, 2012 (North America [NA])"", ""Sep 28, 2012 (Europe [EU])"", ""Sep 25, 2012 (Japan [JP])"", ""Sep 27, 2012 (Australia [AU])"", ""Sep 27, 2012 (Australia [AU])"", ""Sep 25, 2012 (North America [NA])"", ""Sep 28, 2012 (Europe [EU])"", ""Sep 27, 2012 (Japan [JP])""]","[""PlayStation 3"", ""Xbox 360""]","[""Fighting""]","[""Action""]","[""Koei Tecmo Games"", ""Team NINJA""]",
1266,Assassin's Creed III,https://www.igdb.com/g/z6,7.354046368639718,Main Game,"[""Nov 20, 2012 (Worldwide [WW])"", ""Oct 30, 2012 (North America [NA])"", ""Nov 18, 2012 (North America [NA])"", ""Nov 30, 2012 (Europe [EU])"", ""Nov 15, 2012 (Japan [JP])"", ""Oct 31, 2012 (Europe [EU])"", ""Nov 15, 2012 (Japan [JP])"", ""Nov 23, 2012 (Europe [EU])"", ""Dec 21, 2012 (Japan [JP])"", ""Oct 31, 2012 (Europe [EU])"", ""Oct 30, 2012 (North America [NA])"", ""Dec 08, 2012 (Japan [JP])""]","[""PlayStation 3"", ""Wii U"", ""PC (Microsoft Windows)"", ""Xbox 360""]","[""Adventure""]","[""Action"", ""Fantasy"", ""Historical"", ""Open world"", ""Sandbox"", ""Science fiction"", ""Stealth""]","[""Ubisoft Annecy"", ""Ubisoft Singapore"", ""Ubisoft Bucharest"", ""Ubisoft Kyiv"", ""Ubisoft Montreal"", ""Ubisoft Québec"", ""Ubisoft Entertainment""]",
8352,The Unfinished Swan,https://www.igdb.com/g/6g0,7.717459742960798,Main Game,"[""Sep 10, 2020 (Worldwide [WW])"", ""Oct 28, 2014 (Worldwide [WW])"", ""Oct 28, 2014 (Worldwide [WW])"", ""Oct 23, 2012 (North America [NA])"", ""Oct 24, 2012 (Europe [EU])"", ""Sep 10, 2020 (Worldwide [WW])"", ""Sep 10, 2020 (Worldwide [WW])""]","[""Mac"", ""PlayStation 3"", ""PC (Microsoft Windows)"", ""PlayStation 4"", ""iOS"", ""PlayStation Vita""]","[""Adventure"", ""Puzzle""]","[""Fantasy""]","[""Armature Studio"", ""Giant Sparrow"", ""Annapurna Interactive"", ""SCE Santa Monica Studio"", ""Sony Computer Entertainment""]",
978,Resident Evil: Revelations,https://www.igdb.com/g/r6,7.414975535520516,Main Game,"[""Feb 07, 2012 (North America [NA])"", ""Jan 27, 2012 (Europe [EU])"", ""Jan 26, 2012 (Japan [JP])"", ""Feb 02, 2012 (Australia [AU])""]","[""Nintendo 3DS""]","[""Adventure"", ""Shooter""]","[""Action"", ""Horror"", ""Survival""]","[""Capcom""]",
7162,Robotics;Notes,https://www.igdb.com/g/5iy,,Main Game,"[""Jun 28, 2012 (Japan [JP])"", ""Jun 28, 2012 (Japan [JP])""]","[""PlayStation 3"", ""Xbox 360""]","[""Adventure"", ""Visual Novel""]","[""Science fiction""]","[""5pb.""]",
2171,New Super Mario Bros. U,https://www.igdb.com/g/1ob,7.836606255562426,Main Game,"[""Nov 30, 2012 (Australia [AU])"", ""Dec 08, 2012 (Japan [JP])"", ""Nov 26, 2013 (Brazil [BR])"", ""Nov 18, 2012 (North America [NA])"", ""Nov 30, 2012 (Europe [EU])""]","[""Wii U""]","[""Adventure"", ""Platform""]","[""Action"", ""Comedy"", ""Kids""]","[""Nintendo Entertainment Analysis & Development"", ""Nintendo""]",
1059,Kingdoms of Amalur: Reckoning,https://www.igdb.com/g/tf,7.642373708151968,Main Game,"[""Feb 07, 2012 ()"", ""Feb 07, 2012 (North America [NA])"", ""Feb 07, 2012 ()"", ""Feb 07, 2012 ()"", ""Feb 10, 2012 (Europe [EU])""]","[""PlayStation 3"", ""PC (Microsoft Windows)"", ""Xbox 360""]","[""Hack and slash/Beat 'em up"", ""Role-playing (RPG)""]","[""Action"", ""Fantasy""]","[""Electronic Arts"", ""38 Studios"", ""Big Huge Games""]",
4179,SSX,https://www.igdb.com/g/383,7.989400042804444,Main Game,"[""Feb 28, 2012 (Brazil [BR])"", ""Mar 02, 2012 (Europe [EU])"", ""Feb 28, 2012 (North America [NA])"", ""Mar 01, 2012 (Australia [AU])"", ""Feb 28, 2012 (Brazil [BR])"", ""Feb 28, 2012 (North America [NA])"", ""Nov 22, 2012 (Japan [JP])"", ""Mar 01, 2012 (Australia [AU])"", ""May 27, 2016 (Worldwide [WW])"", ""Nov 22, 2012 (Japan [JP])"", ""Mar 02, 2012 (Europe [EU])"", ""Dec 23, 2013 (Worldwide [WW])""]","[""PlayStation 3"", ""Android"", ""Xbox 360""]","[""Racing"", ""Sport""]","[""Action""]","[""EA Canada"", ""EA Sports""]",
1293,Tom Clancy's Ghost Recon: Future Soldier,https://www.igdb.com/g/zx,7.22630048918125,Main Game,"[""May 22, 2012 ()"", ""Jun 26, 2012 (Worldwide [WW])"", ""May 22, 2012 (North America [NA])"", ""May 22, 2012 ()"", ""May 25, 2012 (Europe [EU])""]","[""PlayStation 3"", ""PC (Microsoft Windows)"", ""Xbox 360""]","[""Adventure"", ""Shooter""]","[""Action"", ""Science fiction""]","[""Red Storm Entertainment"", ""Ubisoft Paris"", ""Ubisoft Entertainment""]",
1013,SoulCalibur V,https://www.igdb.com/g/s5,6.886570566532299,Main Game,"[""Jan 31, 2012 ()"", ""Jan 31, 2012 ()"", ""Feb 03, 2012 (Europe [EU])"", ""Jan 31, 2012 (North America [NA])"", ""Feb 02, 2012 (Japan [JP])""]","[""PlayStation 3"", ""Xbox 360""]","[""Arcade"", ""Fighting"", ""Simulator"", ""Strategy""]","[""Action"", ""Fantasy""]","[""Project Soul"", ""Bandai Namco Entertainment""]",
8186,LittleBigPlanet Karting,https://www.igdb.com/g/6be,6.200539477943839,Main Game,"[""Nov 06, 2012 (China [CH])"", ""Nov 06, 2012 (North America [NA])"", ""Nov 06, 2012 (Korea [KR])"", ""Jan 13, 2013 (Japan [JP])"", ""Nov 09, 2012 (Europe [EU])"", ""Nov 08, 2012 (Australia [AU])""]","[""PlayStation 3""]","[""Arcade"", ""Racing""]","[""Action"", ""Comedy"", ""Fantasy"", ""Kids""]","[""United Front Games"", ""Media Molecule"", ""Sony Computer Entertainment"", ""SCE San Diego Studio""]",
1080,New Super Mario Bros. 2,https://www.igdb.com/g/u0,7.297560788947802,Main Game,"[""Aug 18, 2012 (North America [NA])"", ""TBD (China [CH])"", ""Jul 28, 2012 (Japan [JP])"", ""Aug 18, 2012 (Australia [AU])"", ""Aug 17, 2012 (Europe [EU])""]","[""Nintendo 3DS""]","[""Adventure"", ""Platform""]","[""Action""]","[""Nintendo"", ""Nintendo Entertainment Analysis & Development""]",
7122,Ninja Gaiden 3,https://www.igdb.com/g/5hu,6.330297693040531,Main Game,"[""Mar 20, 2012 (North America [NA])"", ""Mar 22, 2012 (Japan [JP])"", ""Mar 23, 2012 (Europe [EU])"", ""Mar 22, 2012 (Japan [JP])"", ""Mar 20, 2012 (North America [NA])"", ""Mar 23, 2012 (Europe [EU])""]","[""PlayStation 3"", ""Xbox 360""]","[""Adventure"", ""Hack and slash/Beat 'em up""]","[""Action""]","[""Koei Tecmo Games"", ""Team NINJA""]",
1065,Street Fighter X Tekken,https://www.igdb.com/g/tl,7.424860015108147,Main Game,"[""Oct 25, 2012 (Japan [JP])"", ""May 11, 2012 (Worldwide [WW])"", ""Mar 09, 2012 (Europe [EU])"", ""Mar 08, 2012 (Japan [JP])"", ""Oct 25, 2012 (Australia [AU])"", ""Mar 06, 2012 (North America [NA])"", ""Oct 23, 2012 (North America [NA])"", ""Oct 19, 2012 (Europe [EU])"", ""Mar 08, 2012 (Japan [JP])"", ""Mar 08, 2012 (Australia [AU])"", ""Mar 06, 2012 (North America [NA])"", ""Mar 09, 2012 (Europe [EU])"", ""Mar 08, 2012 (Australia [AU])""]","[""PlayStation 3"", ""PC (Microsoft Windows)"", ""Xbox 360"", ""PlayStation Vita""]","[""Arcade"", ""Fighting""]","[""Action""]","[""CE Europe Ltd."", ""Dimps"", ""QLOC"", ""Capcom""]",
8590,Puzzle & Dragons,https://www.igdb.com/g/6mm,7.328912865477431,Main Game,"[""Oct 09, 2013 (Europe [EU])"", ""Oct 14, 2012 (North America [NA])"", ""Sep 18, 2012 (Japan [JP])"", ""Feb 20, 2012 (Japan [JP])"", ""Dec 12, 2012 (North America [NA])""]","[""Android"", ""iOS""]","[""Puzzle"", ""Role-playing (RPG)""]",[],"[""GungHo Online Entertainment, Inc.""]",
7390,PlayStation All'-Stars Battle Royale,https://www.igdb.com/g/5pa,6.459236056266534,Main Game,"[""Jan 31, 2013 (Japan [JP])"", ""Nov 22, 2012 (Australia [AU])"", ""Jan 31, 2013 (Japan [JP])"", ""Nov 22, 2012 (Australia [AU])"", ""Nov 23, 2012 (Europe [EU])"", ""Nov 20, 2012 (North America [NA])"", ""Nov 20, 2012 (North America [NA])"", ""Nov 23, 2012 (Europe [EU])""]","[""PlayStation 3"", ""PlayStation Vita""]","[""Fighting"", ""Platform""]","[""Action"", ""Party"", ""Science fiction""]","[""SuperBot Entertainment"", ""Sony Computer Entertainment"", ""SCE Santa Monica Studio"", ""Bluepoint Games""]",
1082,Resident Evil 6,https://www.igdb.com/g/u2,6.479618468443209,Main Game,"[""Oct 02, 2012 (Europe [EU])"", ""Oct 02, 2012 (North America [NA])"", ""Oct 04, 2012 (Japan [JP])"", ""Mar 21, 2013 (Worldwide [WW])"", ""Oct 02, 2012 (North America [NA])"", ""Oct 02, 2012 (Europe [EU])"", ""Oct 04, 2012 (Japan [JP])""]","[""PlayStation 3"", ""PC (Microsoft Windows)"", ""Xbox 360""]","[""Adventure"", ""Shooter""]","[""Action"", ""Horror"", ""Stealth"", ""Survival""]","[""QLOC"", ""Capcom""]",
6751,Code of Princess,https://www.igdb.com/g/57j,7.86299626981946,Main Game,"[""Apr 19, 2012 (Japan [JP])"", ""Apr 14, 2016 (Worldwide [WW])"", ""Oct 09, 2012 (North America [NA])"", ""Mar 28, 2013 (Europe [EU])""]","[""PC (Microsoft Windows)"", ""Nintendo 3DS""]","[""Adventure"", ""Hack and slash/Beat 'em up"", ""Role-playing (RPG)""]","[""Action""]","[""Atlus"", ""Bones"", ""Agatsuma""]",
16840,Saturday Morning RPG,https://www.igdb.com/g/czs,9.0,Main Game,"[""Oct 26, 2016 (North America [NA])"", ""Jan 26, 2016 (North America [NA])"", ""Jan 26, 2016 (North America [NA])"", ""Mar 27, 2013 (Worldwide [WW])"", ""Jan 29, 2014 (Worldwide [WW])"", ""Jan 29, 2014 (Worldwide [WW])"", ""Mar 27, 2013 (Worldwide [WW])"", ""Jan 29, 2014 (Worldwide [WW])"", ""Apr 26, 2018 (North America [NA])"", ""Apr 05, 2012 (North America [NA])""]","[""Mac"", ""PC (Microsoft Windows)"", ""Android"", ""Nintendo Switch"", ""PlayStation 4"", ""Xbox One"", ""iOS"", ""Ouya"", ""PlayStation Vita"", ""Linux""]","[""Adventure"", ""Indie"", ""Role-playing (RPG)"", ""Sport"", ""Strategy""]","[""Comedy""]","[""Joystick Labs, LLC"", ""Mighty Rabbit Studios"", ""Limited Run Games""]",
1591,ZombiU,https://www.igdb.com/g/187,7.246797401052908,Main Game,"[""Nov 18, 2012 (North America [NA])"", ""Nov 30, 2012 (Europe [EU])"", ""Dec 08, 2012 (Japan [JP])"", ""Nov 26, 2013 (Brazil [BR])""]","[""Wii U""]","[""Adventure"", ""Shooter""]","[""Action"", ""Horror"", ""Survival""]","[""Ubisoft Montpellier"", ""Ubisoft Bucharest"", ""Ubisoft Entertainment""]",
977,Resident Evil: Operation Raccoon City,https://www.igdb.com/g/r5,5.089437899678057,Main Game,"[""Apr 26, 2012 (Japan [JP])"", ""Mar 20, 2012 (North America [NA])"", ""Mar 23, 2012 (Europe [EU])"", ""Apr 26, 2012 (Japan [JP])"", ""May 18, 2012 (Worldwide [WW])"", ""Mar 23, 2012 (Europe [EU])"", ""Mar 20, 2012 (North America [NA])""]","[""PlayStation 3"", ""PC (Microsoft Windows)"", ""Xbox 360""]","[""Adventure"", ""Shooter""]","[""Action"", ""Horror"", ""Survival""]","[""Slant Six Games"", ""Capcom"", ""QLOC""]",
9714,Silent Hill: Book of Memories,https://www.igdb.com/g/7hu,5.962293010512658,Main Game,"[""Nov 02, 2012 (Europe [EU])"", ""Oct 16, 2012 (North America [NA])"", ""Nov 08, 2012 (Australia [AU])"", ""Feb 14, 2013 (Japan [JP])""]","[""PlayStation Vita""]","[""Adventure"", ""Hack and slash/Beat 'em up""]","[""Action"", ""Horror"", ""Survival""]","[""Konami"", ""WayForward""]",
